ChurnStatus,Age,IncomeLevel,NumTransactions,AvgTransactionAmount,TotalTransactionAmount,NumUniqueProductCategories,SpendingVolatility,CustomerTenureDays,TransactionFrequency,HasSpendingHistory,SpendingCV,NumInteractions,PctResolved,DaysSinceLastService,Sentiment,LoginFrequency,DaysSinceLastLogin,HasServiceInteraction,DaysSinceLastTransaction_log,RecencyTenureRatio_log,PctComplaint_log,Gender_M,MaritalStatus_Married,MaritalStatus_Single,MaritalStatus_Widowed,ServiceUsage_Online Banking,ServiceUsage_Website
0,0.8627450980392156,2,0.0,0.8347872493277776,-1.1521961328580568,0.0,0.456464869156206,-0.09266675876320468,0.011939673229995812,-2.74718192826914,0.3601952815142936,0.5,1.0,0.7632311977715878,1.0,0.6874999999999999,-1.0215572119148126,1,1.5919829032654311,2.0176982091238456,-0.6204755188147992,True,False,True,False,False,False
1,0.9215686274509803,2,0.75,0.4336295900983188,0.3797578126135717,0.75,0.3568472440944326,0.9041676118384641,0.2630671036743143,0.36400938347394035,0.38929842799753245,0.5,1.0,0.8022284122562675,1.0,0.08333333333333333,-1.450762893593227,1,-0.06898881629816243,-0.6075136657054292,-0.6204755188147992,True,True,False,False,False,True
0,0.0,2,0.625,0.5624704940577597,0.5904807247183774,0.75,0.3975176172863716,0.476952881580606,0.24600847181492344,0.36400938347394035,0.33705897119454087,0.5,1.0,0.3565459610027855,1.0,0.04166666666666667,-1.2600048128472652,1,0.5313422780363093,-0.06683631100237034,-0.6204755188147992,True,False,True,False,False,True
0,0.05882352941176472,2,0.5,0.3564482029598308,-0.47382169757285814,0.75,0.3918110523168073,-0.8176372101098729,0.3055613741097612,0.36400938347394035,0.5156937929302221,1.0,0.5,0.116991643454039,0.75,0.020833333333333332,-0.4778966817888211,1,-1.8538192351364167,-1.0233523674297964,-0.6204755188147992,True,False,False,True,False,True
0,0.05882352941176472,3,0.875,0.4934137605451671,0.9948449346207011,0.5,0.38641091073783523,0.34749387241155816,0.3549881390440256,0.36400938347394035,0.37210422961320594,0.0,0.0,0.3955431754874652,0.5,0.8333333333333333,-1.0787846361386013,0,-1.2328939979461229,-0.9672134664973553,-0.6204755188147992,True,False,False,False,False,True
0,0.7647058823529412,3,0.5,0.45784601490178367,-0.139233376089913,0.75,0.512865270882032,-1.361365048619874,0.38622667654925713,0.36400938347394035,0.5309812444059756,0.5,1.0,0.6657381615598886,1.0,0.020833333333333332,-0.6972684746466774,1,0.2805524737271681,0.24041847341892983,-0.6204755188147992,False,False,False,False,False,True
0,0.17647058823529416,1,0.0,0.15790553993308565,-1.5989054072525135,0.0,0.44538608141927616,-2.824251852230115,0.18296570189978326,-2.74718192826914,0.573321303690356,0.0,0.0,0.48505106778087287,0.5,0.6458333333333333,1.7158212467897414,0,0.3469388220782775,1.99598294935473,-0.6204755188147992,False,True,False,False,False,False
1,0.37254901960784315,2,0.75,0.5800846252415456,1.056330618475401,0.75,0.30134008046990196,0.12741355682417674,0.32509849225391746,0.36400938347394035,0.24776094530177784,1.0,0.0,0.3008356545961003,0.5,0.3333333333333333,0.7143413228734411,1,0.11446719825959353,-0.3789521995347151,-0.6204755188147992,True,False,True,False,True,False
0,0.4117647058823529,1,0.5,0.520634659988916,0.06795400759760309,0.5,0.5512702329761116,0.8523840081708449,0.17782226911350552,0.36400938347394035,0.5041133370120825,0.5,1.0,0.3816155988857939,1.0,0.4791666666666667,0.08483965641176668,1,0.408743033786774,-0.2601179187086486,-0.6204755188147992,True,False,False,False,False,True
1,0.9803921568627451,1,0.75,0.38962798321570047,0.17648524774826516,0.75,0.4722228600071667,0.7747086026694162,0.2719159616993585,0.36400938347394035,0.5708144990191089,0.0,0.0,0.4120705663881152,0.5,0.5833333333333333,1.658593822565953,0,0.252556265227251,-0.3777610942677309,-0.6204755188147992,True,True,False,False,True,False
0,0.7058823529411765,3,0.5,0.6916521275067221,0.6322703996890204,0.25,0.34304682596386515,0.24392666507631983,0.21189120809614168,0.36400938347394035,0.23743313877157496,1.0,0.5,0.17548746518105848,0.75,0.6041666666666666,1.5727526862302699,1,-0.8212422901725825,-0.8642072981297022,-0.6204755188147992,True,False,False,False,True,False
0,0.4509803921568628,2,0.0,0.15866499722900715,-1.598404202074584,0.0,0.4712064977662496,-2.9407649604822583,0.21700879765395895,-2.74718192826914,0.6029213054656837,1.0,0.5,0.08635097493036212,0.75,0.8749999999999999,-1.6987483985629777,1,0.22365679901485108,1.9911537862399395,-0.6204755188147992,False,True,False,False,False,True
0,0.11764705882352944,2,0.25,0.24810306724960138,-1.1853569511167714,0.5,0.19623587251518837,-1.6202830669579698,0.24600847181492344,0.36400938347394035,0.3643726272053977,0.5,1.0,0.43454038997214484,0.5,0.18749999999999997,0.008536424113381895,1,0.6391647579455926,0.9824098058408411,2.013407393927571,False,False,False,False,False,False
0,0.47058823529411764,3,1.0,0.6284087203030531,2.1355608274174145,0.75,0.4157194750013935,0.8006004045032258,0.3598467342806006,0.36400938347394035,0.3163596966030084,1.0,0.5,0.4289693593314763,0.5,0.5208333333333333,1.6872075346778472,1,0.13090446237799278,-0.4708555829900588,0.9202472164297006,True,False,False,True,True,False
0,0.47058823529411764,3,0.875,0.470971284303865,0.8763573213408905,1.0,0.3515498267123611,0.7617627017525114,0.3180885867814825,0.36400938347394035,0.354117407289394,1.0,0.0,0.2033426183844011,0.25,0.8958333333333333,0.19929450485934386,1,-0.9208788548148363,-0.918316080104964,0.9202472164297006,True,False,False,False,True,False
1,0.23529411764705888,3,1.0,0.440528564032741,1.019634271799397,0.75,0.40864080095938454,-1.6202830669579698,0.826001955034213,0.36400938347394035,0.439072732278608,1.0,1.0,0.31476323119777155,1.0,0.8333333333333333,1.076781676290769,1,-0.8212422901725825,-0.6469906258580135,-0.6204755188147992,False,False,True,False,True,False
0,0.019607843137254943,2,0.75,0.4564572929892414,0.48521409126720466,1.0,0.49890867171804854,-0.9729880211127303,0.4730813921319094,0.36400938347394035,0.5180426149732325,1.0,0.5,0.6490250696378831,0.75,0.14583333333333331,-0.563737818124504,1,-0.1770480626315691,-0.37682394730899127,-0.6204755188147992,True,True,False,False,True,False
1,0.7450980392156864,1,0.5,0.37044274307764935,-0.42764309077385554,0.5,0.22507628338623148,0.8394381072539401,0.17845241268994935,0.36400938347394035,0.2857966571922825,0.5,0.0,0.1448467966573816,0.5,0.7499999999999999,-1.345845949182948,1,0.866343570145512,0.24563069441220783,-0.6204755188147992,False,True,False,False,False,True
0,0.7647058823529412,1,0.5,0.39748763316160013,-0.33840147693055034,0.5,0.6400150735378792,-0.6493404981901106,0.28638776495044355,0.36400938347394035,0.7588862082992514,1.0,0.0,0.08913649025069638,0.0,0.7916666666666666,1.1435470045518557,1,-1.3108392906787496,-0.9361409948753516,2.013407393927571,False,False,False,False,True,False
0,0.4509803921568628,2,1.0,0.6129595799950281,2.043799641598569,1.0,0.4829296050640017,0.5934659898327491,0.3792502179598954,0.36400938347394035,0.3767042166288625,0.5,1.0,0.4568245125348189,1.0,0.3125,-0.3825176414158401,1,-0.9751867402635405,-0.9235322795457063,-0.6204755188147992,True,False,True,False,False,True
0,0.9019607843137255,1,0.5,0.3546952934173525,-0.4796058762478872,0.25,0.37195669994491365,0.4122233769960821,0.20146351777457044,0.36400938347394035,0.49190145129365553,0.0,0.0,0.3084493964716807,0.5,0.3541666666666667,0.18975660082204576,0,1.0474075785811734,0.6440082726212337,-0.6204755188147992,True,False,False,False,False,True
0,0.47058823529411764,2,0.625,0.5213332238620114,0.42758904189115415,0.75,0.4267289121063074,0.606411890749654,0.23732593464098198,0.36400938347394035,0.3896105099780179,1.0,1.0,0.4066852367688022,1.0,0.8541666666666666,0.5808106663512678,1,0.408743033786774,-0.21574485318599437,-0.6204755188147992,False,False,False,False,False,False
0,0.33333333333333337,2,0.375,0.7448531373796671,0.30297859778906455,0.25,0.23915295778259105,0.7747086026694162,0.1365284339161814,0.36400938347394035,0.15347811225263974,1.0,0.5,0.7994428969359332,0.25,0.375,-0.0105393839612143,1,0.14704554340212264,-0.4560664795890141,2.013407393927571,False,False,False,False,False,False
0,0.7254901960784313,3,0.5,0.44919641207742356,-0.16777497906013825,0.75,0.6388209849734122,0.476952881580606,0.19767568154664927,0.36400938347394035,0.6736650256217283,0.5,1.0,0.16155988857938716,0.5,0.22916666666666666,-0.8594128432807451,1,-0.7315869514707539,-0.851739803948267,2.013407393927571,True,False,False,True,False,False
0,0.4901960784313726,2,0.25,0.5031370375691893,-0.6804265995671043,0.25,0.5595375107298188,-2.21579450913559,0.36100717969461016,0.36400938347394035,0.5288967590580609,0.5,1.0,0.06685236768802229,1.0,0.5416666666666666,1.3438429893351156,1,0.5416985293388166,1.3823544719469156,-0.6204755188147992,False,True,False,False,False,False
1,0.2549019607843137,3,0.25,0.37108041352791854,-0.9418796033299514,0.5,0.4082501217167232,-1.723850274293208,0.261073237612827,0.36400938347394035,0.5170863666074603,0.5,1.0,0.05013927576601671,0.5,0.9166666666666666,-0.8117233230942545,1,-2.0171439359679733,-1.0074363791159389,2.013407393927571,True,False,True,False,False,False
0,0.1568627450980392,3,0.875,0.5470658264742708,1.2781071366664445,1.0,0.37036760925468815,0.968897116422988,0.3020851898057387,0.36400938347394035,0.32260630349367736,0.5,0.0,0.5571030640668524,0.5,0.4375,-0.8307991311688507,1,0.09772267783207433,-0.5145360916241224,-0.6204755188147992,True,False,False,True,False,False
0,0.17647058823529416,1,0.625,0.5622241835834069,0.5895054065342975,0.5,0.426303696055097,0.9430053145891784,0.21700879765395895,0.36400938347394035,0.3616696478916216,1.0,0.0,0.0807799442896936,0.25,0.8541666666666666,-1.0692467321013033,1,-1.033000719269968,-0.9502827878671055,0.9202472164297006,False,False,False,True,True,False
0,0.3921568627450981,3,0.25,0.5635515233618642,-0.5608146611584239,0.25,0.6745985753414956,0.34749387241155816,0.10562788351980873,0.36400938347394035,0.571398709576636,1.0,0.5,0.3008356545961003,0.75,0.6874999999999999,-0.5541999140872059,1,0.6664502914693572,0.11942289665331648,-0.6204755188147992,False,False,False,False,False,True
0,1.0,1,0.125,0.705125310453827,-0.7591429046738813,0.25,0.40203648705982176,-0.7011241018577298,0.09043082073678779,0.36400938347394035,0.2732227046732846,1.0,0.5,0.20891364902506962,0.25,0.7708333333333333,-0.05822890414770479,1,0.7270592985169512,0.5756481000266653,2.013407393927571,True,False,False,False,False,True
0,0.3137254901960784,2,0.5,0.4349678770089697,-0.21472571275487065,0.5,0.27148529086241396,0.8523840081708449,0.17782226911350552,0.36400938347394035,0.2953024120743037,1.0,1.0,0.5431754874651811,0.75,0.4583333333333333,-0.4015934494904363,1,-0.6119687607558291,-0.8370567369183258,0.9202472164297006,True,False,False,False,True,False
0,1.0,1,0.5,0.48298199880949927,-0.05629069218545658,0.75,0.4317228869883369,0.24392666507631983,0.21189120809614168,0.36400938347394035,0.4244644020210767,0.0,0.0,0.455338904363974,0.5,0.9791666666666666,1.7253591508270396,0,0.5720677346183307,0.03426819431998671,-0.6204755188147992,False,True,False,False,False,False
1,0.09803921568627455,1,0.125,0.6870009647160246,-0.7830652923556174,0.25,0.0481544336020365,-1.8144715807115415,0.1690705607756299,0.36400938347394035,0.032599706829699794,0.5,1.0,0.596100278551532,1.0,0.4791666666666667,0.4568179138663925,1,0.14704554340212264,0.3135897308246324,-0.6204755188147992,True,False,False,False,False,False
0,0.2941176470588236,1,1.0,0.41010693979761487,0.8389430321127168,0.75,0.32603392748568577,0.9171135127553688,0.34969445764183554,0.36400938347394035,0.37530611825955545,1.0,0.5,0.5041782729805014,0.75,0.8958333333333333,0.8955614995821051,1,-1.3108392906787496,-0.9983639544789029,-0.6204755188147992,True,False,False,True,True,False
0,0.9215686274509803,2,0.25,0.5134478677039074,-0.6600126481308777,0.5,0.5497236331919425,-0.1832880651815382,0.12809770874287008,0.36400938347394035,0.5095112620629829,0.5,0.0,0.49025069637883006,0.0,0.375,0.4186662977172001,1,0.7994057870213989,0.4702747864589617,2.013407393927571,True,True,False,False,False,False
0,0.0,2,0.625,0.431984099290489,0.07379237061619237,0.75,0.5498415499477706,0.23098076415941504,0.264073842603721,0.36400938347394035,0.6020178530452494,0.5,1.0,0.17548746518105848,1.0,0.10416666666666667,1.381994605484308,1,0.3077001803777536,-0.2351880688806507,-0.6204755188147992,False,False,False,True,True,False
0,0.3529411764705882,3,1.0,0.7021399362785681,2.5734922381551524,0.75,0.430634795392921,0.9430053145891784,0.3475073313782991,0.36400938347394035,0.2939634689941561,0.5,1.0,0.7938718662952646,0.5,0.04166666666666667,-0.5065103939007154,1,-0.5402660421392802,-0.818817322780859,2.013407393927571,False,True,False,False,True,False
0,0.6862745098039217,2,0.25,0.5784601490178369,-0.5312977400041187,0.25,0.6903592996889782,0.32160207057774853,0.10658696142567112,0.36400938347394035,0.5701208645095974,0.5,1.0,0.7799442896935933,1.0,0.9583333333333333,-1.3744596612948423,1,-0.4738796937881716,-0.7470488997337966,-0.6204755188147992,False,True,False,False,True,False
0,0.47058823529411764,3,0.5,0.46919682259488077,-0.10177844860406902,0.5,0.5343062752569875,-0.22212576793225255,0.24600847181492344,0.36400938347394035,0.5402791117311037,0.0,0.0,0.3710306406685237,0.5,0.5208333333333333,1.5918284943048662,0,-0.6899140534884558,-0.783915021758947,-0.6204755188147992,True,True,False,False,True,False
0,0.9607843137254902,2,0.75,0.4426990936360997,0.4216558562713353,0.5,0.32730189490553596,0.8782758100046545,0.2647969931023089,0.36400938347394035,0.350010224688487,0.5,1.0,0.10306406685236769,0.5,0.3958333333333333,-0.954791883653726,1,1.0474075785811734,0.49346310504328195,2.013407393927571,False,False,False,True,False,True
1,1.0,1,0.125,0.35265502165479584,-1.224369678479965,0.25,0.6260500636402205,0.54168238616513,0.051208228970754714,0.36400938347394035,0.8319934622502043,0.5,0.0,0.8551532033426185,0.5,0.7708333333333333,0.018074328150679993,1,1.7112025152149566,1.9591553103590105,-0.6204755188147992,False,True,False,False,False,False
0,0.5686274509803921,3,0.25,0.3429257579178554,-0.9976217467672922,0.25,0.38609983211317644,-0.32569297526749086,0.13532269257460097,0.36400938347394035,0.5272332320250153,0.0,0.0,0.4076137418755803,0.5,0.18749999999999997,-0.10591842433419528,0,0.3845305933641645,-0.022980804697489858,-0.6204755188147992,True,False,False,True,False,False
0,0.37254901960784315,2,0.75,0.6289801866681524,1.2822116006911142,0.75,0.18722941130022328,0.2568725659932246,0.3130761221546132,0.36400938347394035,0.1418458715124468,1.0,0.5,0.12256267409470752,0.75,0.49999999999999994,0.3995904896426039,1,0.22365679901485108,-0.3139709066421847,-0.6204755188147992,True,False,True,False,False,False
0,0.37254901960784315,2,0.25,0.45048817367625216,-0.7846637304906372,0.25,0.5778647824874664,0.54168238616513,0.09880647835349277,0.36400938347394035,0.6076961126593023,0.5,0.0,0.713091922005571,0.5,0.7083333333333333,-1.2409290047726689,1,-0.15436822439709186,-0.6153550790806857,-0.6204755188147992,False,False,False,True,False,False
0,0.27450980392156865,2,0.0,0.5965229171370513,-1.309439097869151,0.0,0.49442391460791985,-3.6010059072444025,0.47800586510263926,-2.74718192826914,0.5265468729731108,0.5,0.0,0.5236768802228413,0.0,0.9999999999999999,-0.5541999140872059,1,-1.396218698777679,1.795338935688848,2.013407393927571,False,False,False,True,True,False
1,0.7647058823529412,1,0.0,0.2563065744370779,-1.5339654714958642,0.0,0.4667841135432255,-1.9827682926313037,0.0728760887643892,-2.74718192826914,0.59594163051268,0.0,0.0,0.45088207985143924,0.5,0.4791666666666667,-0.23944908085636865,0,0.9352857141260422,2.011706734631412,-0.6204755188147992,False,True,False,False,True,False
0,0.6274509803921569,3,0.75,0.4098635615908137,0.26996678647513983,1.0,0.3033633035179952,-0.13150446151391904,0.3517473559397397,0.36400938347394035,0.34942356169707683,0.0,0.0,0.3753017641597029,0.5,0.4166666666666667,0.7429550349853354,0,-0.06898881629816243,-0.46931733135903175,-0.6204755188147992,False,True,False,False,False,True
0,0.019607843137254943,3,0.75,0.4482528083792477,0.44731214294699084,1.0,0.37324842784764745,-0.804691309192968,0.4432062561094819,0.36400938347394035,0.39437774353299426,0.0,0.0,0.4486536675951717,0.5,0.6874999999999999,0.22790821697123814,0,-0.6119687607558291,-0.6825902981190718,-0.6204755188147992,True,False,False,False,False,True
0,0.17647058823529416,3,0.25,0.41878254206093446,-0.8474362925048868,0.5,0.43605105858157484,0.24392666507631983,0.10953941693979646,0.36400938347394035,0.4918952964878338,0.0,0.0,0.41077065923862577,0.5,0.3541666666666667,1.3056913731859232,0,1.3268061081733833,1.229055441841594,-0.6204755188147992,False,False,True,False,True,False
0,0.6274509803921569,2,0.375,0.7571070834787248,0.3353266508943791,0.5,0.25333512273391134,0.9041676118384641,0.13147194361615616,0.36400938347394035,0.16004022862957176,1.0,0.0,0.15877437325905291,0.25,0.375,-0.08684261625959909,1,-0.6119687607558291,-0.8401574024411963,0.9202472164297006,False,False,True,False,True,False
1,0.607843137254902,3,0.25,0.3560965263381158,-0.9715455314290464,0.5,0.7595561282265134,-0.053829056012490314,0.12201693211610004,0.36400938347394035,1.0,0.0,0.0,0.35394614670380686,0.5,0.04166666666666667,-1.1169362522877937,0,1.1204604191721435,0.9595410102678913,-0.6204755188147992,True,False,False,False,False,False
0,0.1960784313725491,3,0.0,0.8034852932120938,-1.1728539138403036,0.0,0.32464728679712385,0.3992774760791773,0.005256459912576776,-2.74718192826914,0.2968645080018154,0.0,0.0,0.3626740947075209,0.5,0.10416666666666667,1.3343050852978176,0,1.705603710986777,2.0176982091238456,-0.6204755188147992,True,False,False,True,False,False
0,0.4509803921568628,2,0.75,0.3479839194447457,-0.015896264061483287,0.75,0.4061546479625198,0.08857585407346236,0.3288646837033933,0.36400938347394035,0.5469114737883596,0.0,0.0,0.5478180129990715,0.5,0.3958333333333333,-0.8403370352061489,0,-2.0171439359679733,-1.0620521177756173,-0.6204755188147992,False,False,False,True,False,False
0,0.6862745098039217,2,0.125,0.4532215357458076,-1.0916315828438767,0.25,0.21979210861264314,-1.1024470302817782,0.11105949304607879,0.36400938347394035,0.2297380263429649,1.0,1.0,0.10863509749303621,0.75,0.4375,1.5918284943048662,1,1.202891478716676,1.775252561668202,0.9202472164297006,False,True,False,False,True,False
0,0.21568627450980393,2,0.5,0.44350253494529845,-0.18656340018956533,0.5,0.4502670034675905,0.9171135127553688,0.17472435655892132,0.36400938347394035,0.48067628169798965,0.0,0.0,0.2714948932219127,0.5,0.6666666666666666,-0.41113135352773444,0,0.8147190788964128,0.1594478858815836,-0.6204755188147992,False,False,True,False,False,True
0,0.9803921568627451,2,0.5,0.5724501734436257,0.2389327037011551,0.75,0.3770674221817199,-0.7529077055253489,0.29792928581490347,0.36400938347394035,0.3142475263652587,0.0,0.0,0.3301764159702879,0.5,0.2708333333333333,-0.43020716160233063,0,-0.8696760184384118,-0.7990387757961935,-0.6204755188147992,False,True,False,False,False,False
0,0.5490196078431373,1,0.25,0.38886266138467535,-0.9066733261018471,0.5,0.3134643569363544,0.34749387241155816,0.10562788351980873,0.36400938347394035,0.3797530955438964,0.5,0.0,0.06406685236768803,0.0,0.8958333333333333,-0.13453213644608958,1,-0.27398641511201677,-0.6572106567095995,2.013407393927571,False,False,False,False,True,False
0,0.6666666666666666,1,0.625,0.7379119713732493,1.2851781935010238,0.75,0.20784017751999628,0.3733856742453677,0.2533501614759271,0.36400938347394035,0.13446644286277581,1.0,0.0,0.4623955431754875,0.25,0.16666666666666666,0.7620308430599316,1,-0.048857502571963134,-0.5322678784484917,0.9202472164297006,True,False,True,False,True,False
0,0.0,3,0.25,0.1800187469638813,-1.3201540518081394,0.25,0.1295036348681739,-1.6461748687917792,0.24963343108504396,0.36400938347394035,0.32436506595869535,0.0,0.0,0.39461467038068704,0.5,0.9166666666666666,-1.5079903178170158,0,-0.35426150307324666,-0.32257486988822864,-0.6204755188147992,True,True,False,False,True,False
0,0.0,1,0.375,0.38069849545351914,-0.6583193873946278,0.75,0.5804300382694565,0.5934659898327491,0.14411772476288606,0.36400938347394035,0.717225460203492,1.0,0.5,0.5710306406685237,0.75,0.49999999999999994,1.200774428775644,1,-1.161191279329574,-0.9627888676996057,-0.6204755188147992,False,False,True,False,False,False
1,0.7058823529411765,2,0.25,0.44443304118174287,-0.7966520165032851,0.25,0.2902835603138042,0.7358708999187018,0.09257996317261136,0.36400938347394035,0.3092502415229989,0.5,1.0,0.7353760445682451,0.5,0.9583333333333333,-1.6605967824137853,1,0.49953518198184954,-0.15365305719681885,2.013407393927571,True,False,True,False,False,True
0,0.09803921568627455,1,0.375,0.41092797471212456,-0.578519395416651,0.75,0.38077750950375566,0.968897116422988,0.12904846000550865,0.36400938347394035,0.43744645889018047,1.0,1.0,0.008356545961002786,0.75,0.3125,-0.4969724898634173,1,-0.2242066223397858,-0.6933185573211754,0.9202472164297006,False,True,False,False,False,False
0,0.7450980392156864,2,1.0,0.4827936169096702,1.2706703355128361,1.0,0.38794101613533055,0.19214306140870066,0.4226952282923229,0.36400938347394035,0.3815346843659438,0.0,0.0,0.5073351903435469,0.5,0.12499999999999999,0.3900525856053058,0,-0.7752934615873857,-0.8467401407520423,-0.6204755188147992,True,True,False,False,False,False
0,0.7843137254901961,1,0.25,0.6402772361227994,-0.4089088539879887,0.5,0.47152010135450384,-0.5587191917717771,0.14855055045430507,0.36400938347394035,0.3524396394442744,0.0,0.0,0.32163416898792935,0.5,0.20833333333333331,0.31374935330692105,0,-1.033000719269968,-0.8706078526748187,-0.6204755188147992,False,False,True,False,True,False
0,0.33333333333333337,2,0.5,0.5381432295408362,0.12572806391844343,0.5,0.46687870923847014,-1.4908240577889218,0.41123917342972105,0.36400938347394035,0.413381132758154,0.0,0.0,0.37790157845868155,0.5,0.5416666666666666,-0.7735717069450622,0,-0.029168671324731745,-0.07196785982612922,-0.6204755188147992,False,False,False,False,False,False
0,0.2941176470588236,3,0.875,0.3414248034647673,0.19240189866901253,0.75,0.3374238773972711,0.7876545035863209,0.31600768530690665,0.36400938347394035,0.4627961743829777,0.0,0.0,0.45255338904363973,0.5,0.8124999999999999,-0.4015934494904363,0,-1.2328939979461229,-0.9821857062810839,-0.6204755188147992,True,False,False,True,True,False
0,0.07843137254901966,3,0.375,0.33999055809848305,-0.7657804867599802,0.25,0.41173937197938903,0.5546282870820347,0.1458277792588643,0.36400938347394035,0.5667975859891916,1.0,1.0,0.6211699164345404,1.0,0.3333333333333333,-0.16314584855798386,1,0.11446719825959353,-0.44792657156901733,-0.6204755188147992,False,False,True,False,True,False
1,0.8039215686274509,1,0.375,0.43477903897863246,-0.5155571881999413,0.75,0.37429956574279755,-0.6881782009408249,0.22370103015264312,0.36400938347394035,0.40729623873942095,1.0,0.0,0.5766016713091923,0.25,0.08333333333333333,-0.18222165663258005,1,0.16290092652542276,-0.15138784183719642,0.9202472164297006,False,False,False,False,False,True
0,0.823529411764706,2,0.375,0.5128030131981363,-0.3095889522425251,0.5,0.3775160033172008,0.03679225040584321,0.17200930326625544,0.36400938347394035,0.35018971937650695,0.5,1.0,0.2395543175487465,1.0,0.5833333333333333,-1.2409290047726689,1,-0.44244468735918835,-0.7055539038862932,-0.6204755188147992,False,False,True,False,False,False
0,0.607843137254902,3,0.75,0.699457237276158,1.6077917750572106,0.75,0.37598991955335376,0.968897116422988,0.2588260073556812,0.36400938347394035,0.2574835192383405,0.0,0.0,0.44661095636026005,0.5,0.18749999999999997,1.076781676290769,0,-0.7752934615873857,-0.8913070254910601,-0.6204755188147992,False,True,False,False,False,False
1,0.019607843137254943,2,0.25,0.30459711132549244,-1.0735069199230598,0.25,0.055529535253279534,0.9041676118384641,0.08760689026343677,0.36400938347394035,0.08595011296515473,1.0,0.5,0.7270194986072424,0.75,0.9583333333333333,-0.4015934494904363,1,0.2088497551106192,-0.4296056655006706,-0.6204755188147992,False,False,False,False,True,False
1,0.019607843137254943,1,0.625,0.34948719527631245,-0.2528714906211042,0.5,0.45308292284090207,0.7747086026694162,0.22678678577163283,0.36400938347394035,0.6075191143236964,1.0,0.5,0.9916434540389972,0.25,0.49999999999999994,0.6857276107615469,1,-0.13224843979789794,-0.6285470765214701,2.013407393927571,False,False,False,False,True,False
1,0.7647058823529412,2,1.0,0.4939939015351071,1.3371951633186148,0.5,0.3607891869032251,0.8912217109215592,0.3519061583577712,0.36400938347394035,0.3470133668254025,0.5,1.0,0.3816155988857939,1.0,0.4791666666666667,-1.0787846361386013,1,-0.009903288802217195,-0.5721713373222577,-0.6204755188147992,True,False,True,False,True,False
0,0.8039215686274509,2,0.875,0.5145297522527146,1.1063292214953828,1.0,0.3887547012324822,-0.07972085784629988,0.40184301979733034,0.36400938347394035,0.359453014421073,0.5,1.0,0.8440111420612814,0.5,0.8958333333333333,1.3056913731859232,1,0.8875889713073406,0.5673885002894706,2.013407393927571,True,False,False,True,False,False
1,0.6862745098039217,1,0.375,0.3749923027976764,-0.6733826349043054,0.75,0.2737218892028889,-2.0216059953820182,0.43417429652347156,0.36400938347394035,0.34340891675009366,0.5,1.0,0.3649025069637883,1.0,0.22916666666666666,0.18021869678474767,1,-2.8379624518344215,-1.0889761007329561,-0.6204755188147992,False,False,True,False,False,False
1,0.7450980392156864,3,0.375,0.4334653831154169,-0.5190249861877807,0.25,0.5887485819370611,0.11446765590727194,0.167630974082587,0.36400938347394035,0.6424979871920538,1.0,0.5,0.116991643454039,0.5,0.08333333333333333,0.5521969542393735,1,-0.5402660421392802,-0.7557932447305968,0.9202472164297006,False,False,False,True,False,True
0,0.21568627450980393,1,0.875,0.44096245817853397,0.7179223007714765,0.5,0.3799382414094237,0.8782758100046545,0.3089091735161703,0.36400938347394035,0.40784478560612236,0.0,0.0,0.4521819870009285,0.5,0.5833333333333333,-0.9643297876910241,0,-0.44244468735918835,-0.7790184206347377,-0.6204755188147992,True,False,False,False,True,False
0,0.9019607843137255,2,0.25,0.5387973206893957,-0.6098243999084358,0.25,0.5009292871861512,0.24392666507631983,0.10953941693979646,0.36400938347394035,0.44304808800956885,0.5,0.0,0.10306406685236769,0.5,0.7083333333333333,-0.8880265553926393,1,1.5258417460368219,1.666460884761092,-0.6204755188147992,True,False,False,True,False,False
1,0.3529411764705882,1,0.25,0.6170898417455202,-0.4548165390691913,0.25,0.7421516642686046,0.9300594136722736,0.08687376959458909,0.36400938347394035,0.5755973751931869,0.5,1.0,0.9359331476323121,0.5,0.4583333333333333,0.7334171309480374,1,-0.8212422901725825,-0.9014363993607939,2.013407393927571,True,True,False,False,True,False
0,0.5294117647058824,1,0.0,0.20735236765943468,-1.5662728863435091,0.0,0.4209281291829453,-0.20917986701534777,0.013797058791702288,-2.74718192826914,0.5674889870723,0.0,0.0,0.4367688022284123,0.5,0.6458333333333333,0.2565219290831324,0,1.5628220939463389,2.0176982091238456,-0.6204755188147992,True,False,False,True,False,False
1,0.0,2,0.875,0.5396688150413597,1.2390537710455811,0.75,0.48114333782701324,0.7099790980848922,0.3223234038174615,0.36400938347394035,0.42485870697445915,0.0,0.0,0.4259981429897864,0.5,0.8124999999999999,-1.431687085518631,0,0.8591483044701209,0.27021624501110947,-0.6204755188147992,False,False,False,True,False,True
0,0.27450980392156865,1,0.0,0.4568648781789445,-1.4016066662646958,0.0,0.4197842607221915,0.606411890749654,0.00289743094456249,-2.74718192826914,0.4605110953030683,0.0,0.0,0.3535747446610956,0.5,0.375,0.5617348582766716,0,1.749443933434496,2.0176982091238456,-0.6204755188147992,False,False,False,False,False,False
0,0.6862745098039217,3,0.625,0.46563626784895684,0.20704521751610006,0.75,0.4889455217359273,0.9171135127553688,0.21846688182964993,0.36400938347394035,0.49804178532097504,1.0,0.0,0.701949860724234,0.5,0.49999999999999994,-1.6987483985629777,1,0.4552888672327596,-0.22926737645827056,-0.6204755188147992,True,False,False,True,False,False
0,0.23529411764705888,3,0.5,0.6145076869393871,0.37771235364418243,0.75,0.32100417862524633,0.6711413953341778,0.18698258635455325,0.36400938347394035,0.24948735394258031,0.0,0.0,0.397585886722377,0.5,0.9166666666666666,-1.4030733734067367,0,-0.8696760184384118,-0.9014363993607939,-0.6204755188147992,True,False,False,False,True,False
0,0.823529411764706,1,1.0,0.3653331691263504,0.5730062739202801,0.75,0.29433328560459115,0.049738151322747996,0.44033618526468543,0.36400938347394035,0.3785610674767814,0.0,0.0,0.308263695450325,0.5,0.7499999999999999,-0.31575231315475344,0,-0.5064580389307003,-0.735430123329884,-0.6204755188147992,True,True,False,False,False,False
0,0.3921568627450981,2,0.75,0.4709397624276828,0.5521182094779035,0.5,0.47474723514939704,0.11446765590727194,0.3263454069905683,0.36400938347394035,0.47831754100296414,0.0,0.0,0.5314763231197771,0.5,0.0,-0.9929434998029184,0,-0.38270216991046674,-0.6857272480140322,-0.6204755188147992,True,True,False,False,False,True
0,0.21568627450980393,1,0.5,0.5594696114452267,0.19609998011698196,0.75,0.5609981073507383,-1.659120769708684,0.44845902727826037,0.36400938347394035,0.47843138985471967,1.0,0.5,0.055710306406685235,0.5,0.8749999999999999,-1.326770141108352,1,-1.7157301681687591,-0.9558944540763104,0.9202472164297006,False,False,True,False,False,True
0,0.07843137254901966,1,0.125,0.43898684291549495,-1.1104200039733036,0.25,0.0,0.6711413953341778,0.04840007266498845,0.36400938347394035,0.0,0.0,0.0,0.455338904363974,0.5,0.24999999999999997,1.4106083175962023,0,0.9805707370043489,0.45422508268735245,-0.6204755188147992,True,False,True,False,True,False
0,0.11764705882352944,3,0.75,0.5522603384423208,0.9277918094652121,0.75,0.4709380180985895,0.17919716049179588,0.32019368478483257,0.36400938347394035,0.40661791060223695,0.0,0.0,0.4120705663881152,0.5,0.22916666666666666,-0.5923515302363983,0,0.4886767973923959,-0.042845344874919415,-0.6204755188147992,True,False,True,False,False,False
0,0.07843137254901966,3,0.625,0.400651354365511,-0.050276230050297493,0.75,0.4468897345775721,0.9171135127553688,0.21846688182964993,0.36400938347394035,0.5259773324498773,0.5,1.0,0.3259052924791086,1.0,0.9583333333333333,0.35190096945611343,1,-2.4747444723267105,-1.0980324534952537,-0.6204755188147992,True,True,False,False,True,False
0,0.9215686274509803,2,1.0,0.3914831311534856,0.7283256947349949,1.0,0.5888970178645597,0.9818430173398928,0.34427183054215843,0.36400938347394035,0.7085319580360068,1.0,0.5,0.6128133704735377,0.75,0.8749999999999999,1.4582978377826927,1,0.29422916320954867,-0.37617698234825414,-0.6204755188147992,False,False,False,True,False,False
0,0.05882352941176472,2,0.875,0.561095260575956,1.3521771343129527,1.0,0.4494058575420466,-0.9729880211127303,0.5469484866928568,0.36400938347394035,0.3820521339831196,1.0,0.5,0.23676880222841223,0.75,0.7499999999999999,0.04668804026257429,1,-0.6119687607558291,-0.6570271504556603,-0.6204755188147992,False,False,False,False,False,False
0,0.23529411764705888,2,0.5,0.32803218456864874,-0.5675877041034226,0.5,0.3485614109153598,-0.9600421201958255,0.3236132336541241,0.36400938347394035,0.4965547361951356,1.0,1.0,0.233983286908078,0.5,0.8541666666666666,-0.9738676917283222,1,-0.6500939085150256,-0.678325518287334,2.013407393927571,False,True,False,False,False,False
0,0.7058823529411765,1,0.25,0.7418118872171706,-0.20788493938042152,0.25,0.2010484249105505,-0.5846109936055867,0.15014178037371853,0.36400938347394035,0.12934998908769893,0.0,0.0,0.38718662952646243,0.5,0.8333333333333333,0.08483965641176668,0,-2.217037214644128,-1.0675002211911817,-0.6204755188147992,True,False,False,True,False,True
0,0.7843137254901961,1,0.25,0.4432699083861874,-0.7989548511045849,0.5,0.2969836784836723,0.5028446834144156,0.10012054045301622,0.36400938347394035,0.3171910719835294,0.5,1.0,0.42618384401114207,0.5,0.22916666666666666,0.15160498467285335,1,0.14704554340212264,-0.41638605486520497,2.013407393927571,False,False,True,False,True,False
0,0.27450980392156865,1,0.0,0.3120753710051519,-1.4971607561327405,0.0,0.4331578561380315,-2.034551896298923,0.0764719151815926,-2.74718192826914,0.5138098897850246,1.0,0.0,0.871866295264624,0.0,0.7291666666666666,1.2293881408875384,1,0.9083421564645934,2.0111905507084047,2.013407393927571,False,False,False,False,False,False
0,0.2941176470588236,1,0.125,0.5480921201174079,-0.9664115648767374,0.0,0.5134280865506999,-0.48104378627034833,0.08129032258064517,0.36400938347394035,0.4466366247528574,1.0,1.0,0.39275766016713093,0.75,0.7708333333333333,-1.5938314541526986,1,0.7759335508931867,0.5543917582322722,0.9202472164297006,True,False,True,False,False,True
0,0.3921568627450981,2,0.5,0.34678872719062376,-0.5056956376720229,0.75,0.2454535137028436,0.8394381072539401,0.17845241268994935,0.36400938347394035,0.3319144785857032,0.5,1.0,0.08913649025069638,1.0,0.16666666666666666,0.4186662977172001,1,0.08065919505101363,-0.5096654335336759,-0.6204755188147992,False,False,False,False,False,False
0,0.6862745098039217,2,0.5,0.34514255218703166,-0.5111276181139119,0.75,0.5367845507129485,0.6970331971679874,0.18562791857655167,0.36400938347394035,0.7282068899586771,0.0,0.0,0.4170844939647168,0.5,0.2708333333333333,1.391532509521606,0,0.11446719825959353,-0.46815771342378476,-0.6204755188147992,True,False,False,True,True,False
1,0.4509803921568628,2,0.375,0.5487386851125844,-0.21472571275487065,0.25,0.5697846545112466,0.3992774760791773,0.15299064903447132,0.36400938347394035,0.4951612939415906,1.0,1.0,0.0807799442896936,0.75,0.9166666666666666,0.32328725734421915,1,-1.8538192351364167,-1.0525748760548868,0.9202472164297006,False,True,False,False,True,False
0,0.2941176470588236,1,0.0,0.9904759949916869,-1.0494490713824236,0.0,0.42459254448856343,-1.0377175256972542,0.03166305410344681,-2.74718192826914,0.3469892258139765,1.0,0.5,0.19498607242339833,0.75,0.7083333333333333,1.6395180144913566,1,1.322509669431601,2.0176355441548495,-0.6204755188147992,False,False,True,False,True,False
0,0.2549019607843137,1,0.625,0.6743296592020909,1.0334106411495247,0.75,0.4960756158319348,0.3992774760791773,0.25148010844906765,0.36400938347394035,0.35250460193640315,1.0,0.5,0.16991643454038996,0.5,0.6458333333333333,1.6490559185286549,1,-2.4747444723267105,-1.0948746528882243,0.9202472164297006,True,True,False,False,True,False
0,0.4117647058823529,2,1.0,0.5039170207379735,1.3961341830259955,0.75,0.41918263491036906,1.0077348191737023,0.34214437793757274,0.36400938347394035,0.39553646827491135,1.0,1.0,0.01392757660167131,1.0,0.9374999999999999,0.6666518026869507,1,-1.161191279329574,-0.9765983291059922,-0.6204755188147992,True,False,False,True,False,False
1,0.9411764705882354,3,1.0,0.5880981866531653,1.8961337593117036,0.75,0.4877948244164248,0.6711413953341778,0.37175927127397296,0.36400938347394035,0.3961907082220498,1.0,0.5,0.701949860724234,0.75,0.04166666666666667,1.0004784439923842,1,-1.0948049309784653,-0.952672921374174,-0.6204755188147992,False,False,False,True,True,False
0,0.9607843137254902,2,0.875,0.4580348529321209,0.8080579562835216,0.5,0.42344873405948436,0.6193577916665587,0.3299776775944325,0.36400938347394035,0.43821014999819957,1.0,0.0,0.20891364902506962,0.5,0.6041666666666666,-1.631983070301891,1,-1.161191279329574,-0.9637276915325823,-0.6204755188147992,False,False,False,True,False,True
0,0.09803921568627455,1,0.25,0.5786106720854971,-0.5309997261145387,0.5,0.5630702961183509,0.8912217109215592,0.08797653958944282,0.36400938347394035,0.464748263691154,1.0,0.5,0.6211699164345404,0.5,0.9999999999999999,-0.13453213644608958,1,-0.29995361762454253,-0.7212729973109085,0.9202472164297006,True,True,False,False,False,False
1,0.8039215686274509,1,0.625,0.5076595715566138,0.373445336588833,0.75,0.5706274740858956,0.32160207057774853,0.2571621926460636,0.36400938347394035,0.5347380114150886,0.0,0.0,0.4674094707520891,0.5,0.12499999999999999,1.5250631660437795,0,-0.2242066223397858,-0.6282475446579227,-0.6204755188147992,False,True,False,False,True,False
1,0.6862745098039217,2,0.125,0.4871918553336479,-1.0467940385479841,0.25,0.49951209164191757,-1.2060142376170164,0.11745321522508087,0.36400938347394035,0.48705518757847166,1.0,0.0,0.1309192200557103,0.5,0.0,0.990940539955086,1,0.4206081842080051,0.3564638295051333,-0.6204755188147992,True,False,False,False,False,False
0,0.0,3,0.625,0.4159568135634968,0.010328958221552586,1.0,0.37736081087926526,0.6581954944172731,0.23399677245831094,0.36400938347394035,0.4284872765381,1.0,0.0,0.052924791086350974,0.25,0.3958333333333333,0.6571138986496525,1,-1.4906012556287052,-1.0172329100932498,0.9202472164297006,True,True,False,False,False,False
1,0.607843137254902,3,0.25,0.4745581805866294,-0.7370086003296249,0.5,0.46149690734569476,-1.6979584724593986,0.2571621926460636,0.36400938347394035,0.4615376628178484,1.0,1.0,0.06963788300835655,1.0,0.49999999999999994,-0.9166402675045336,1,0.04552505427906295,0.11186104365974853,-0.6204755188147992,True,True,False,False,False,True
1,0.09803921568627455,1,0.125,0.609187380693364,-0.8857717155735805,0.25,0.18311412812897737,0.8135463054201305,0.04549643904482615,0.36400938347394035,0.14316970702452841,0.5,0.0,0.8356545961002786,0.5,0.6666666666666666,0.18021869678474767,1,0.5208648982419061,-0.14764980075506737,-0.6204755188147992,False,False,False,True,False,True
0,0.5882352941176471,1,0.25,0.49314777944265403,-0.700203884966501,0.5,0.23273491403989957,0.7617627017525114,0.09179055142135506,0.36400938347394035,0.22410269012783182,0.5,1.0,0.8245125348189416,1.0,0.7083333333333333,-0.9738676917283222,1,-2.217037214644128,-1.0841507607012653,-0.6204755188147992,False,False,False,False,False,True
0,0.0,1,0.75,0.5176654458659425,0.7679750881350182,0.75,0.5879631729440742,0.8264922063370354,0.26831591347720374,0.36400938347394035,0.5406853882829925,0.5,0.0,0.3788300835654596,0.0,0.8958333333333333,0.8097203632464222,1,0.408743033786774,-0.2556530832381933,2.013407393927571,False,True,False,False,True,False
0,0.9607843137254902,2,0.875,0.5272275703524293,1.173368800564982,1.0,0.4313866363459818,0.9559512155060832,0.30304384204839924,0.36400938347394035,0.38959276420374184,0.0,0.0,0.3290622098421541,0.5,0.4791666666666667,-0.25852488893096487,0,-0.44244468735918835,-0.7845173161018069,-0.6204755188147992,False,True,False,False,False,True
0,0.9803921568627451,1,0.5,0.2482070650054393,-0.8309913442344296,0.75,0.27729932501535987,0.02384634948893842,0.2269429420897219,0.36400938347394035,0.5137637357107261,0.0,0.0,0.4384401114206129,0.5,0.2708333333333333,-0.7354200907958698,0,0.684189599073462,0.23552775438655965,-0.6204755188147992,False,False,False,True,False,False
0,0.7058823529411765,1,0.75,0.42097978787976525,0.3213199980841215,0.5,0.3219180550938556,0.36043977332846294,0.3040078201368524,0.36400938347394035,0.3613586593109715,0.5,1.0,0.6072423398328691,0.5,0.7916666666666666,-0.43020716160233063,1,-1.161191279329574,-0.9538144693397902,2.013407393927571,True,True,False,False,False,False
0,0.6666666666666666,1,0.125,0.4401568176686713,-1.108875750181844,0.25,0.04891811624946958,-0.3515847771013004,0.0764719151815926,0.36400938347394035,0.052596797147962546,0.0,0.0,0.4061281337047354,0.5,0.8958333333333333,-1.641520974339189,0,-1.8538192351364167,-1.0370076125832515,-0.6204755188147992,False,False,False,True,True,False
0,0.9411764705882354,3,0.625,0.5359271194674221,0.4853766442978848,0.75,0.38177513351162884,0.6970331971679874,0.23155115625080627,0.36400938347394035,0.3392864064499957,0.5,0.0,0.9220055710306407,0.5,0.6874999999999999,-0.8307991311688507,1,-1.033000719269968,-0.9408613393192073,-0.6204755188147992,True,False,False,False,True,False
1,0.5686274509803921,3,0.875,0.4961950163180689,1.009528891725459,1.0,0.31308373871388023,0.606411890749654,0.3310973361195497,0.36400938347394035,0.2997877513311902,1.0,1.0,0.8551532033426185,0.75,0.3541666666666667,0.9432510197685955,1,0.193793841706119,-0.39720307304723274,0.9202472164297006,True,False,False,True,False,False
0,0.05882352941176472,1,0.625,0.379725226981944,-0.133137637439414,0.5,0.5108229660940838,-0.6493404981901106,0.3524629718994765,0.36400938347394035,0.6328127536920547,1.0,0.5,0.14763231197771587,0.5,0.020833333333333332,1.2675397570367308,1,-2.217037214644128,-1.0663353793120067,0.9202472164297006,False,False,False,True,True,False
0,0.6666666666666666,3,0.5,0.42037398140355914,-0.2628820480938127,0.75,0.5672344373468078,0.3863315751622725,0.2030121094942505,0.36400938347394035,0.6375123171619943,1.0,0.5,0.06685236768802229,0.25,0.7708333333333333,-0.6209652423482925,1,-0.13224843979789794,-0.5845359584755055,2.013407393927571,True,False,False,False,False,False
1,0.823529411764706,3,1.0,0.6242875811627222,2.111083050214188,1.0,0.529001039303862,-0.014991353261775945,0.44880339601747227,0.36400938347394035,0.40541370941336596,0.5,1.0,0.7604456824512535,1.0,0.3333333333333333,0.20883240889664195,1,-0.9208788548148363,-0.8766067891898368,-0.6204755188147992,False,False,True,False,False,False
1,0.2549019607843137,3,0.25,0.6220571029783042,-0.4449820807130528,0.25,0.5083294537050043,-1.1930683367001118,0.19693210015790663,0.36400938347394035,0.3908999881804553,1.0,1.0,0.13649025069637882,1.0,0.4583333333333333,1.076781676290769,1,-0.9208788548148363,-0.7664691054102493,-0.6204755188147992,True,False,False,True,False,False
0,0.9411764705882354,3,0.75,0.6495793662196913,1.3773728540683485,0.75,0.3749717080692409,0.10152175499036716,0.3276007753864506,0.36400938347394035,0.27614302846285466,1.0,1.0,0.01392757660167131,1.0,0.6666666666666666,1.3056913731859232,1,-0.24875078124811795,-0.6151052950591519,-0.6204755188147992,True,True,False,False,False,True
0,0.7647058823529412,2,0.125,0.7443605164309612,-0.7073562183164198,0.25,0.007658039881204861,-0.8564749128605872,0.0977295948832951,0.36400938347394035,0.003697484255269422,0.0,0.0,0.5461467038068709,0.5,0.5624999999999999,0.14206708063555526,0,0.866343570145512,0.894574094869547,-0.6204755188147992,True,False,False,True,True,False
0,0.4117647058823529,3,1.0,0.5096847910124045,1.4303922342417996,0.75,0.518664125073973,0.3992774760791773,0.3992142975709622,0.36400938347394035,0.4841356128135694,0.0,0.0,0.44512534818941507,0.5,0.2916666666666667,0.504507434052883,0,0.06326436188316856,-0.4611981731918585,-0.6204755188147992,False,False,False,False,False,True
0,0.17647058823529416,3,0.875,0.4869173217841088,0.9605462451472269,0.75,0.5182443093496982,0.2827643678270342,0.3614440679896364,0.36400938347394035,0.5056068263195135,0.5,1.0,0.6852367688022285,1.0,0.20833333333333331,1.6109043023794625,1,-2.8379624518344215,-1.1086499456949617,-0.6204755188147992,False,True,False,False,False,True
1,0.0,3,0.125,0.6266548984995587,-0.8627162773888043,0.25,0.7083580823080188,-0.07972085784629988,0.06746955260329154,0.36400938347394035,0.5411766554633015,1.0,0.5,0.37604456824512533,0.25,0.4583333333333333,-0.0105393839612143,1,1.4544249989344193,1.6766873440784096,2.013407393927571,False,False,False,False,False,True
0,0.1960784313725491,3,0.125,0.2298384613805702,-1.3864756883255684,0.25,0.02199830292745007,-0.014991353261775945,0.06552098927465497,0.36400938347394035,0.0462020703137849,0.5,1.0,0.6518105849582173,1.0,0.24999999999999997,1.0195542520669802,1,-0.29995361762454253,-0.628383740498217,-0.6204755188147992,False,False,False,True,False,True
0,0.9803921568627451,2,0.125,0.5466347831441533,-0.968335109073117,0.0,0.4862749257530759,-0.20917986701534777,0.07158238737812597,0.36400938347394035,0.4240795201762659,0.5,0.0,0.3203342618384401,0.5,0.9583333333333333,1.2484639489621348,1,0.14704554340212264,-0.28589221857681285,-0.6204755188147992,True,False,False,False,False,False
0,0.8431372549019608,2,0.875,0.6794833637800447,1.9772206294492298,1.0,0.2816603773942507,-0.11855856059701425,0.4066541488217051,0.36400938347394035,0.19818750813252192,0.5,1.0,0.07520891364902507,1.0,0.20833333333333331,-0.764033802907764,1,0.5620586275792097,0.12331861910878776,-0.6204755188147992,False,False,False,False,False,True
0,0.4509803921568628,1,1.0,0.40863363825657795,0.8301922606277782,1.0,0.44448928667044085,0.8523840081708449,0.355270700240087,0.36400938347394035,0.5133549818070215,0.0,0.0,0.39647168059424337,0.5,0.7291666666666666,0.19929450485934386,0,0.408743033786774,-0.2601179187086486,-0.6204755188147992,False,False,True,False,False,True
0,0.03921568627450983,3,0.375,0.43980274636178895,-0.5022955701136335,0.25,0.45688731303886115,0.968897116422988,0.12904846000550865,0.36400938347394035,0.4916931761286873,0.5,1.0,0.38997214484679665,1.0,0.7708333333333333,0.800182459209124,1,0.8734815024175449,0.22227693588508168,-0.6204755188147992,True,False,False,True,False,False
0,0.6666666666666666,3,0.625,0.517005685666783,0.41045324324030685,0.75,0.4204044897833799,0.476952881580606,0.24600847181492344,0.36400938347394035,0.386947001114426,0.5,0.0,0.6908077994428969,0.5,0.5416666666666666,1.7348970548643377,1,-2.217037214644128,-1.0815131543729024,-0.6204755188147992,True,False,False,True,False,False
0,0.6862745098039217,1,0.125,0.4332498614503581,-1.1179922659858126,0.25,0.6410479422995333,0.30865616966084375,0.05671799417261506,0.36400938347394035,0.6999026322508581,0.0,0.0,0.4584958217270196,0.5,0.3541666666666667,0.16114288871015148,0,1.3848879316310387,1.320333516163475,-0.6204755188147992,False,False,False,True,False,False
0,0.5882352941176471,2,0.125,0.4107842936020854,-1.1476446479990177,0.25,0.07441663131098852,-1.9309846889636846,0.18296570189978326,0.36400938347394035,0.08568654502294025,0.0,0.0,0.33017641597028785,0.5,0.8124999999999999,-1.1837015805488804,0,-2.4747444723267105,-1.0583336950987952,-0.6204755188147992,True,False,False,True,False,False
1,0.05882352941176472,1,0.0,0.8655144810033046,-1.1319176422807302,0.0,0.3837298497325418,-1.180122435783207,0.03590879166916033,-2.74718192826914,0.3431634246963158,0.0,0.0,0.34930362116991637,0.5,0.7708333333333333,0.16114288871015148,0,1.273836644847945,2.0170236856666257,-0.6204755188147992,False,True,False,False,True,False
0,0.3529411764705882,2,0.875,0.6994832611506804,2.082812368961763,0.75,0.36564545391518327,0.8135463054201305,0.3139505655634688,0.36400938347394035,0.2503588743430865,0.5,0.0,0.8495821727019499,0.5,0.6874999999999999,1.0290921561042783,1,0.5102635229098333,-0.15811515225342038,-0.6204755188147992,True,False,False,False,True,False
0,0.9019607843137255,1,0.75,0.5796770400518425,1.0544477125366913,0.25,0.4706542547321023,0.36043977332846294,0.3040078201368524,0.36400938347394035,0.3876528428574122,1.0,0.5,0.4596100278551532,0.75,0.4375,0.31374935330692105,1,1.1096020345826898,0.768148439237022,-0.6204755188147992,False,False,False,True,False,True
0,0.6862745098039217,1,0.25,0.6806584700014369,-0.32895985506522185,0.25,0.6587154775358854,-1.8662551843791608,0.28453950741340767,0.36400938347394035,0.4641660155702235,0.5,1.0,0.6880222841225627,1.0,0.3541666666666667,-1.0215572119148126,1,0.7679707805924156,1.475199978614383,-0.6204755188147992,True,True,False,False,False,False
0,0.3921568627450981,3,0.75,0.7081865977779276,1.648118472751734,0.75,0.45466455222613555,0.08857585407346236,0.3288646837033933,0.36400938347394035,0.3078274970430735,1.0,1.0,0.6155988857938719,0.5,0.8333333333333333,0.07530175237446858,1,-0.44244468735918835,-0.7109690141022568,2.013407393927571,False,False,False,True,True,False
0,0.33333333333333337,1,0.5,0.5513208399187176,0.16921099962533648,0.5,0.30464127539041946,-0.9341503183620159,0.32019368478483257,0.36400938347394035,0.26325048748816465,0.5,0.0,0.8384401114206128,0.5,0.3541666666666667,0.6666518026869507,1,-0.3266960739807448,-0.495098420695027,-0.6204755188147992,True,False,False,False,False,False
0,0.9803921568627451,2,0.125,0.33218046347420915,-1.2513941198305107,0.0,0.113131098854476,0.30865616966084375,0.05671799417261506,0.36400938347394035,0.15990117506548576,0.5,1.0,0.06406685236768803,1.0,0.24999999999999997,-1.641520974339189,1,1.6505935081673617,1.9328455365629402,-0.6204755188147992,False,False,False,True,False,True
1,0.5294117647058824,2,0.0,0.8416634167367968,-1.1476581940849075,0.0,0.38553818514853855,-2.8630895549808293,0.19328179152226074,-2.74718192826914,0.33114974418691095,0.5,1.0,0.467966573816156,1.0,0.7916666666666666,1.3152292772232212,1,0.3077001803777536,1.994517924409811,-0.6204755188147992,False,True,False,False,True,False
0,0.27450980392156865,1,0.5,0.7059668712411995,0.6795056011874429,0.25,0.49197038803614723,-0.11855856059701425,0.23766324184054513,0.36400938347394035,0.3342091002903621,1.0,0.0,0.17827298050139276,0.25,0.3125,-0.9261781715418317,1,-1.033000719269968,-0.9006603616050286,0.9202472164297006,False,True,False,False,True,False
0,0.8039215686274509,2,0.5,0.5438247911492435,0.14447584679020056,0.75,0.4621309285599106,-1.231906039450826,0.3638196480938416,0.36400938347394035,0.40501757535677463,0.0,0.0,0.41912720519962854,0.5,0.14583333333333331,-1.5175282218543138,0,-1.4906012556287052,-0.9386117274953454,-0.6204755188147992,False,False,False,False,False,False
0,0.019607843137254943,1,0.875,0.5598277879266816,1.3454853678832939,0.75,0.455502246866139,0.6970331971679874,0.32339763159931545,0.36400938347394035,0.3880970588580022,1.0,0.5,0.11420612813370473,0.5,0.6874999999999999,-0.5541999140872059,1,-0.24875078124811795,-0.68024143094275,0.9202472164297006,False,False,False,True,False,False
0,0.7058823529411765,3,0.0,0.006650382807528884,-1.6987265141759074,0.0,0.3679792137801522,-3.3420878889063066,0.47800586510263926,-2.74718192826914,0.5349241932715475,1.0,0.5,0.5598885793871867,0.5,0.5833333333333333,1.1340091005145574,1,-0.4120754820796742,1.9521542416644242,0.9202472164297006,False,True,False,False,False,True
0,0.1960784313725491,3,0.0,0.8929575730207926,-1.1138065254458034,0.0,0.41707940068122046,-0.506935588104158,0.019156182007378682,-2.74718192826914,0.3306845137674006,0.5,1.0,0.807799442896936,0.5,0.10416666666666667,1.3247671812605195,1,1.483678398679854,2.0176982091238456,2.013407393927571,True,False,True,False,True,False
0,0.43137254901960786,3,0.875,0.2860434327469775,-0.0999903652665894,1.0,0.39827193907037156,0.5805200889158443,0.33335688796240676,0.36400938347394035,0.6454545335570172,0.0,0.0,0.39368616527390904,0.5,0.7708333333333333,0.06576384833717049,0,-0.7752934615873857,-0.8709769280549872,-0.6204755188147992,False,False,False,True,False,False
0,0.8431372549019608,3,0.0,0.6658593156673988,-1.2636804197327385,0.0,0.4306017263980109,-3.562168204493688,0.47800586510263926,-2.74718192826914,0.45262624925934797,1.0,0.5,0.10863509749303621,0.75,0.7291666666666666,0.32328725734421915,1,-1.161191279329574,1.8502352952115737,-0.6204755188147992,True,False,True,False,False,False
0,0.7843137254901961,1,0.75,0.4047115675022651,0.2461663135664138,0.5,0.4512868239182831,0.6711413953341778,0.27937092881426306,0.36400938347394035,0.5260432203965784,0.0,0.0,0.4482822655524605,0.5,0.9791666666666666,-0.8212612271315526,0,-0.7752934615873857,-0.8760330192187736,-0.6204755188147992,False,True,False,False,False,False
0,0.21568627450980393,2,0.5,0.6921981157248712,0.6340720291123904,0.75,0.37706730198040506,0.17919716049179588,0.21614169776210287,0.36400938347394035,0.26088830730189144,0.5,0.0,0.41225626740947074,0.0,0.8541666666666666,1.5346010700810775,1,0.5102635229098333,-0.019161993322205806,2.013407393927571,True,True,False,False,True,False
0,0.03921568627450983,1,0.75,0.4940724211439948,0.6589832810640961,0.5,0.38872971745711515,0.8394381072539401,0.2674286856838176,0.36400938347394035,0.3738556296906693,0.0,0.0,0.2800371402042711,0.5,0.5208333333333333,0.7429550349853354,0,0.9742399278957881,0.39565479952398774,-0.6204755188147992,False,False,False,False,False,False
0,1.0,2,0.875,0.4630329029741989,0.8344457315972373,0.75,0.5504228766212642,0.29571026874393896,0.3601362217387191,0.36400938347394035,0.5637227889775989,1.0,1.0,0.10027855153203342,0.5,0.3541666666666667,0.8478719793956145,1,0.408743033786774,-0.15269439104266028,2.013407393927571,True,False,False,False,False,True
0,0.3137254901960784,1,0.75,0.18599959534707786,-0.7642091407967404,0.75,0.19110740582378133,0.8394381072539401,0.2674286856838176,0.36400938347394035,0.4627954805434897,0.0,0.0,0.4651810584958218,0.5,0.20833333333333331,0.056225944299872384,0,1.2461291033159514,0.8349143278625057,-0.6204755188147992,False,False,False,True,False,False
0,0.6274509803921569,2,0.75,0.6873469722871394,1.5518464403315202,0.75,0.45071411385726945,0.6840872962510827,0.27841987234776605,0.36400938347394035,0.3142242627843892,0.0,0.0,0.36471680594243266,0.5,0.5416666666666666,0.21837031293394005,0,0.11446719825959353,-0.4663688286228557,-0.6204755188147992,True,True,False,False,False,False
0,0.0,2,0.75,0.41130623722630943,0.2766314607330188,1.0,0.4612428265450279,0.5675741879989395,0.28718625687732013,0.36400938347394035,0.5293762320222062,0.0,0.0,0.4809656453110492,0.5,0.6041666666666666,-0.8498749392434469,0,0.3845305933641645,-0.23077203161129212,-0.6204755188147992,False,True,False,False,True,False
0,0.7450980392156864,1,0.0,0.032738767216075854,-1.68150943900972,0.0,0.3734890262129577,-0.13150446151391904,0.012545391024487332,-2.74718192826914,0.537117063279433,1.0,0.0,0.7298050139275767,0.25,0.3541666666666667,0.5331211461647772,1,1.5823677222901462,2.0176982091238456,0.9202472164297006,True,True,False,False,False,True
1,0.37254901960784315,3,0.875,0.5066632114780681,1.0647969221566498,0.75,0.36999427829334547,0.7358708999187018,0.32019368478483257,0.36400938347394035,0.3472406938879393,1.0,0.5,0.4568245125348189,0.5,0.8749999999999999,0.6189622825004601,1,-0.7752934615873857,-0.8795221727594551,0.9202472164297006,True,True,False,False,True,False
0,0.9019607843137255,1,0.625,0.658552104928262,0.970936093024855,0.75,0.20589735900411033,-0.13150446151391904,0.29521369512053103,0.36400938347394035,0.149142390587435,0.5,0.0,0.520891364902507,0.0,0.0625,-0.17268375259528196,1,0.8518947769001066,0.5311716901461224,2.013407393927571,True,False,True,False,False,False
0,0.823529411764706,3,0.25,0.2712699357540179,-1.139489904293239,0.5,0.38615489777506473,-0.9341503183620159,0.17452090295301095,0.36400938347394035,0.6577571125636568,1.0,0.5,0.09192200557103064,0.5,0.10416666666666667,0.23744612100853624,1,0.9614424850998524,1.1231028949571418,0.9202472164297006,False,True,False,False,False,False
0,1.0,1,0.25,0.7084710277304543,-0.27389501592238075,0.5,0.36301147483581686,0.43811517882989165,0.10236522597089373,0.36400938347394035,0.24544216294035906,1.0,0.5,0.2116991643454039,0.75,0.4375,1.658593822565953,1,-0.5402660421392802,-0.783286358591789,-0.6204755188147992,True,False,False,False,False,False
1,0.7843137254901961,2,0.5,0.3721299698269669,-0.4220756494730666,0.5,0.2705054347302379,0.9430053145891784,0.1735092864125122,0.36400938347394035,0.3418791766518046,0.5,1.0,0.06685236768802229,1.0,0.020833333333333332,-1.3553838532202462,1,0.408743033786774,-0.27538834704865084,-0.6204755188147992,False,False,False,True,False,True
0,0.2549019607843137,3,0.0,0.35210082308750174,-1.4707458886472449,0.0,0.5380484052110863,-2.604171536642734,0.1381027074950556,-2.74718192826914,0.6149031240085978,0.0,0.0,0.4999071494893223,0.5,0.9583333333333333,1.2103123328129421,0,0.5416985293388166,2.002370777097843,-0.6204755188147992,False,False,False,True,False,False
0,0.5882352941176471,2,0.5,0.4895420677764321,-0.0346440469332401,0.5,0.5390679148198358,0.8394381072539401,0.17845241268994935,0.36400938347394035,0.5232098044398277,0.5,1.0,0.13370473537604455,1.0,0.9791666666666666,-0.26806279296826296,1,-0.5754001829112309,-0.8241933811863555,-0.6204755188147992,False,False,False,True,True,False
0,0.47058823529411764,2,0.875,0.5844614010960816,1.4755413385131622,1.0,0.44139960394142036,1.0077348191737023,0.2992407504117623,0.36400938347394035,0.3606096806350174,0.5,1.0,0.07242339832869081,1.0,0.8124999999999999,1.191236524738346,1,-1.8538192351364167,-1.0615950695850673,-0.6204755188147992,False,False,True,False,False,True
1,0.03921568627450983,2,0.375,0.5581651922247993,-0.18984155297494457,0.5,0.32550712287568506,0.6711413953341778,0.1407884151246983,0.36400938347394035,0.2779568260388326,1.0,0.5,0.29247910863509746,0.25,0.6458333333333333,-0.5160482979380135,1,1.3968587880834806,1.1861343052512734,2.013407393927571,True,True,False,False,False,True
0,0.05882352941176472,1,1.0,0.4735889032569998,1.2159983328608048,0.75,0.4617317582170467,0.8264922063370354,0.3575456801263252,0.36400938347394035,0.4626854330077495,0.5,0.0,0.48467966573816157,0.5,0.7916666666666666,0.17068079274744957,1,-0.8696760184384118,-0.9088242047533439,-0.6204755188147992,False,False,False,True,False,False
1,0.5882352941176471,2,0.75,0.4045737509273295,0.24552964752958387,0.75,0.40230054616931366,0.6452495935003683,0.28128997450333715,0.36400938347394035,0.46912313667541716,0.5,0.0,1.0,0.5,0.4166666666666667,-0.9357160755791298,1,-1.3108392906787496,-0.9907140806440696,-0.6204755188147992,True,False,False,False,False,True
0,0.6666666666666666,1,0.75,0.7225429797116408,1.7144401092691632,1.0,0.32688195624731115,0.9300594136722736,0.2613564887803364,0.36400938347394035,0.21665241408832556,0.5,1.0,0.29247910863509746,1.0,0.14583333333333331,0.599886474425864,1,0.6929292367895488,0.01105202627061546,-0.6204755188147992,False,False,True,False,False,False
0,0.8431372549019608,3,0.625,0.6547616604062755,0.9559270298587375,0.5,0.4071895473514298,0.9300594136722736,0.21773580898389958,0.36400938347394035,0.29762716091645713,1.0,0.5,0.5069637883008357,0.5,0.49999999999999994,-1.5175282218543138,1,-0.2242066223397858,-0.6899008997240852,0.9202472164297006,True,True,False,False,False,True
0,0.2549019607843137,2,0.25,0.394568854040518,-0.895375890469589,0.25,0.23944388459905774,-0.8305831110267776,0.16668200886340623,0.36400938347394035,0.2861344772316129,0.5,1.0,0.12813370473537603,1.0,0.8333333333333333,-1.031095115952111,1,0.5102635229098333,0.3099883103899868,-0.6204755188147992,False,True,False,False,False,False
1,0.9411764705882354,3,0.75,0.5081209149847669,0.7238825785630756,0.75,0.515134777599738,0.3863315751622725,0.30181226120983934,0.36400938347394035,0.48227125064230064,0.5,0.0,0.7660167130919221,0.0,0.7291666666666666,1.1340091005145574,1,-0.5754001829112309,-0.7924438606171725,2.013407393927571,False,True,False,False,False,False
0,0.7843137254901961,3,0.75,0.33729873648591185,-0.06525820104463496,0.75,0.30718657852935266,0.3733856742453677,0.30290656668770183,0.36400938347394035,0.426301480412711,1.0,0.5,0.7938718662952646,0.75,0.0625,-1.3744596612948423,1,0.26666373411704675,-0.2990273580359221,-0.6204755188147992,True,True,False,False,False,True
1,0.1568627450980392,1,0.625,0.3003550976005254,-0.4474203761732525,0.75,0.4650426087471796,0.968897116422988,0.21556682490562365,0.36400938347394035,0.7196147096549441,0.0,0.0,0.4467966573816156,0.5,0.2916666666666667,-0.754495898870466,0,-1.033000719269968,-0.9512182112390398,-0.6204755188147992,False,False,True,False,False,True
0,0.37254901960784315,3,0.0,0.8620661343623638,-1.1341933847102499,0.0,0.3893342855881568,-2.280524013720114,0.0970912261234842,-2.74718192826914,0.3335375678220788,0.5,0.0,0.9025069637883009,0.5,0.5624999999999999,1.1721607166637498,1,0.7679707805924156,2.0082340386303095,-0.6204755188147992,False,False,False,False,False,True
0,0.607843137254902,1,0.25,0.4873047476343931,-0.7117722423165591,0.25,0.6333618107949646,-1.477878156872017,0.22756937263743152,0.36400938347394035,0.6175091857448634,0.0,0.0,0.36230269266480963,0.5,0.3958333333333333,0.5808106663512678,0,-0.8696760184384118,-0.6994138597185126,-0.6204755188147992,False,True,False,False,False,True
0,0.1568627450980392,1,0.125,0.4033128758800468,-1.157506198526936,0.25,0.49058124734832415,0.43811517882989165,0.05358072738235536,0.36400938347394035,0.5737239656762956,0.0,0.0,0.39182915506035276,0.5,0.7708333333333333,-0.5923515302363983,0,1.6914516668843498,1.964583499160323,-0.6204755188147992,False,False,True,False,False,True
0,0.5098039215686275,3,0.75,0.5622124545131997,0.9737672249758647,0.75,0.4699150026000484,-0.07972085784629988,0.3461141085983239,0.36400938347394035,0.3987452473325886,0.0,0.0,0.44438254410399264,0.5,0.10416666666666667,1.496449453931885,0,-0.7315869514707539,-0.8117212672250373,-0.6204755188147992,False,False,True,False,True,False
0,0.03921568627450983,3,0.125,0.7143824791149244,-0.7469243352011032,0.0,0.36482817140432744,-3.2255747806541635,0.7802129958326902,0.36400938347394035,0.24466560037548307,0.0,0.0,0.358774373259053,0.5,0.6041666666666666,0.7143413228734411,0,-0.6899140534884558,0.8355584518410415,-0.6204755188147992,False,False,False,False,False,False
0,0.05882352941176472,3,0.5,0.5922330097087379,0.30421129160505445,0.75,0.4839608907631775,0.8912217109215592,0.1759530791788856,0.36400938347394035,0.39039519334819206,1.0,1.0,0.09749303621169916,1.0,0.6458333333333333,0.22790821697123814,1,0.3596454998140551,-0.30912779912410343,-0.6204755188147992,False,False,True,False,True,False
1,0.8627450980392156,1,0.25,0.756747880703627,-0.17831383388255648,0.0,0.22113883032513848,-1.244851940367731,0.20197755293178363,0.36400938347394035,0.13960256176473002,0.5,1.0,0.9192200557103064,1.0,0.9999999999999999,0.7238792269107392,1,0.3596454998140551,0.2901963608897548,-0.6204755188147992,False,False,True,False,True,False
0,0.27450980392156865,1,0.125,0.07963012377101335,-1.5847362014115758,0.25,0.13209588459906654,0.5675741879989395,0.0506330235401476,0.36400938347394035,0.6668613908622962,0.0,0.0,0.5920148560817086,0.5,0.8333333333333333,0.790644555171826,0,0.6483525898774916,0.04225072992035659,-0.6204755188147992,True,False,False,True,True,False
0,0.6274509803921569,3,0.625,0.4194427909713527,0.024132419743460396,0.75,0.4580838375900976,-0.20917986701534777,0.30272370172382074,0.36400938347394035,0.5159615047610999,1.0,1.0,0.19220055710306405,0.75,0.0625,-1.040633019989409,1,-0.9751867402635405,-0.8792006913906713,0.9202472164297006,False,False,False,True,True,False
0,0.07843137254901966,1,0.25,0.2952099454695977,-1.0920921497641367,0.25,0.2511242013324486,0.6581954944172731,0.09500425133179477,0.36400938347394035,0.3956242362864621,0.0,0.0,0.4781801299907149,0.5,0.7083333333333333,-0.9929434998029184,0,1.2962890923563741,0.993737643015466,-0.6204755188147992,True,False,False,False,False,False
0,0.05882352941176472,3,0.125,0.5066401198710975,-1.0211242057864385,0.25,1.0,-0.4163142816858244,0.07883387959289287,0.36400938347394035,0.939234598338833,1.0,1.0,0.11977715877437325,0.75,0.6041666666666666,1.6967454387151453,1,0.08065919505101363,-0.29720473265850267,0.9202472164297006,False,False,False,True,False,False
0,0.8823529411764707,1,0.625,0.5847992227536142,0.678896027322393,1.0,0.3966999281868202,0.4898987824975108,0.2451161741484322,0.36400938347394035,0.32383182459731485,1.0,0.5,0.3008356545961003,0.75,0.9999999999999999,0.9432510197685955,1,-0.35426150307324666,-0.7102349446489118,-0.6204755188147992,True,False,True,False,False,False
0,0.21568627450980393,1,0.25,0.37293458404318636,-0.9382086140537621,0.5,0.5428605119070107,-0.869420813777492,0.1695547853905625,0.36400938347394035,0.6841445430572191,1.0,0.5,0.3286908077994429,0.75,0.8333333333333333,0.14206708063555526,1,1.202891478716676,1.5972427409291552,-0.6204755188147992,True,False,True,False,False,False
1,0.43137254901960786,2,0.75,0.39567138664000256,0.20440373076755075,0.5,0.3694735913985476,1.0077348191737023,0.2563371228859519,0.36400938347394035,0.4401572209284303,0.5,0.0,0.5710306406685237,0.5,0.4375,0.9146373076567013,1,0.22365679901485108,-0.4330034307225144,-0.6204755188147992,True,False,False,False,False,True
0,0.2549019607843137,2,0.75,0.5495216005489205,0.9151397652439544,1.0,0.32710163856766145,0.6711413953341778,0.27937092881426306,0.36400938347394035,0.28360787724407766,1.0,0.5,0.7688022284122563,0.75,0.020833333333333332,1.3438429893351156,1,0.008956476434464797,-0.5345283292861461,-0.6204755188147992,False,False,True,False,False,True
0,0.8823529411764707,3,0.25,0.7821247015195987,-0.1280714013165548,0.25,0.15985760613841438,-0.39042247985201484,0.13881123269851775,0.36400938347394035,0.09727789188450874,1.0,0.5,0.0947075208913649,0.5,0.22916666666666666,-0.0105393839612143,1,-0.5754001829112309,-0.7188332977698458,0.9202472164297006,False,False,False,False,False,True
0,0.21568627450980393,2,0.0,0.5347810915659188,-1.3501857242262645,0.0,0.533740719491675,-1.6979584724593986,0.056395217685540254,-2.74718192826914,0.5311958805548032,1.0,0.5,0.20891364902506962,0.75,0.6874999999999999,0.5331211461647772,1,1.070526429694056,2.0140748402340094,-0.6204755188147992,True,False,False,True,False,True
0,0.3137254901960784,1,0.5,0.5500810771978077,0.16512008168655717,0.5,0.2778074659840499,0.6970331971679874,0.18562791857655167,0.36400938347394035,0.2405365705021597,0.0,0.0,0.29229340761374184,0.5,0.6874999999999999,-1.040633019989409,0,0.7679707805924156,0.1548366803563367,-0.6204755188147992,False,False,False,True,False,True
0,0.47058823529411764,3,0.625,0.565457008559289,0.6023064577003455,0.5,0.1865855946885939,0.5157905843313204,0.24334795124969735,0.36400938347394035,0.15703156466474313,1.0,0.5,0.29247910863509746,0.75,0.2708333333333333,1.1530849085891537,1,1.1779370584041235,0.8300097101899001,-0.6204755188147992,False,True,False,False,False,True
0,0.5686274509803921,2,0.875,0.5274533549539193,1.1745608561233014,1.0,0.46289441719674296,1.0077348191737023,0.2992407504117623,0.36400938347394035,0.4179114567029367,1.0,0.0,0.6880222841225627,0.25,0.7916666666666666,1.5727526862302699,1,-1.3108392906787496,-1.000721426630604,0.9202472164297006,True,False,False,True,False,True
1,0.4117647058823529,3,0.375,0.454766107678729,-0.46279518365839983,0.5,0.36930281207767235,0.5287364852482251,0.14698519419211786,0.36400938347394035,0.3848128706977067,1.0,0.5,0.467966573816156,0.5,0.7916666666666666,1.067243772253471,1,-0.5754001829112309,-0.8031254362742418,0.9202472164297006,False,True,False,False,True,False
0,0.9019607843137255,3,0.75,0.4083622406042816,0.2630311904994611,0.75,0.39715353720631125,0.06268405223965279,0.33141847105612016,0.36400938347394035,0.4590017414909249,0.0,0.0,0.4146703806870938,0.5,0.9166666666666666,0.14206708063555526,0,-0.15436822439709186,-0.5550667074709527,-0.6204755188147992,True,True,False,False,True,False
0,0.4901960784313726,1,0.625,0.4144344779928433,0.004300950000503513,0.5,0.31679987448342023,0.6193577916665587,0.23648619074714403,0.36400938347394035,0.3610193768951358,1.0,0.5,0.12256267409470752,0.5,0.10416666666666667,1.7062833427524433,1,-0.11066171428046011,-0.5997580339794883,0.9202472164297006,True,True,False,False,False,True
0,0.3137254901960784,2,0.625,0.5621557640071978,0.5892344848164975,0.5,0.5379116704810936,0.7747086026694162,0.22678678577163283,0.36400938347394035,0.45658505213281075,1.0,1.0,0.12256267409470752,0.75,0.14583333333333331,1.391532509521606,1,0.193793841706119,-0.42234177702488557,0.9202472164297006,False,False,True,False,True,False
1,0.37254901960784315,1,0.25,0.6343726266959502,-0.42059912611105693,0.5,0.522201366697488,0.7617627017525114,0.09179055142135506,0.36400938347394035,0.3939757386649517,1.0,0.5,0.3649025069637883,0.75,0.5416666666666666,-0.372979737378542,1,1.626381067744752,1.6460073698317115,-0.6204755188147992,True,True,False,False,True,False
0,0.6470588235294118,3,0.0,0.669923438494222,-1.260998294726519,0.0,0.4198595453866656,-1.115392931198683,0.03392130257801899,-2.74718192826914,0.4013368293475041,1.0,1.0,0.298050139275766,1.0,0.22916666666666666,1.1530849085891537,1,1.2962890923563741,2.017310074326216,-0.6204755188147992,False,False,False,True,False,False
0,0.7843137254901961,3,0.625,0.5846794884952483,0.6784219143162431,0.75,0.42366556269520156,0.3992774760791773,0.25148010844906765,0.36400938347394035,0.3459650742425351,1.0,1.0,0.34540389972144847,0.5,0.4166666666666667,0.7715687470972298,1,-1.033000719269968,-0.9279864464227,2.013407393927571,False,False,False,False,False,True
0,0.6274509803921569,3,0.125,0.4459656396888277,-1.1012086655681053,0.25,0.6417904115400932,-1.5167158596227315,0.1402449542867,0.36400938347394035,0.681510022226921,1.0,0.5,0.49025069637883006,0.75,0.7708333333333333,0.5617348582766716,1,0.9678640592685704,1.5818702897953563,-0.6204755188147992,False,False,False,True,True,False
0,0.7058823529411765,2,0.375,0.36062419179375593,-0.7113116753962992,0.5,0.4019690811002135,0.5157905843313204,0.14756921090155775,0.36400938347394035,0.5232084090113645,0.0,0.0,0.3223769730733519,0.5,0.0625,1.5250631660437795,0,-1.4906012556287052,-1.0137184798879137,-0.6204755188147992,False,False,False,False,False,False
0,0.11764705882352944,1,0.0,0.18428128656171103,-1.5814986868838665,0.0,0.4358203437321999,-2.2934699146370185,0.09837376699546788,-2.74718192826914,0.5486467044437632,0.0,0.0,0.41504178272980496,0.5,0.49999999999999994,-1.3744596612948423,0,0.7599365943582191,2.0080503322079486,-0.6204755188147992,True,False,False,True,False,False
0,0.4117647058823529,1,0.875,0.4415038280752889,0.7207805248942661,0.75,0.3996086528195298,0.5934659898327491,0.3322237193204935,0.36400938347394035,0.42845392244175134,0.0,0.0,0.33964716805942435,0.5,0.8749999999999999,0.9527889238058936,0,-0.2242066223397858,-0.6578348531750172,-0.6204755188147992,False,False,False,False,False,True
0,0.607843137254902,2,0.125,0.4282620743447114,-1.1245756637283515,0.0,0.49026304624522693,0.9171135127553688,0.04349678074673571,0.36400938347394035,0.5412731971036531,0.0,0.0,0.407242339832869,0.5,0.4791666666666667,0.31374935330692105,0,1.6355375947628614,1.5970851974490954,-0.6204755188147992,False,False,False,True,True,False
0,0.2549019607843137,1,0.375,0.6613744124468892,0.0826108725305806,0.75,0.4083870059120466,-0.1832880651815382,0.18545970158873384,0.36400938347394035,0.2955782520247103,0.0,0.0,0.3925719591457753,0.5,0.22916666666666666,-0.9357160755791298,0,-0.4738796937881716,-0.6959396698265704,-0.6204755188147992,False,False,False,False,False,False
0,0.13725490196078433,1,0.75,0.4863664220178105,0.623384167345182,0.75,0.3478631489143332,0.06268405223965279,0.33141847105612016,0.36400938347394035,0.3396548244210099,0.0,0.0,0.283008356545961,0.5,0.5833333333333333,-0.17268375259528196,0,0.408743033786774,-0.09931572230577008,-0.6204755188147992,True,True,False,False,True,False
0,0.47058823529411764,3,0.625,0.3980000957874067,-0.06077444661504577,0.5,0.3937831002080872,0.7099790980848922,0.23074548541441578,0.36400938347394035,0.46646550138258575,0.0,0.0,0.28560817084493967,0.5,0.7083333333333333,1.191236524738346,0,-0.9751867402635405,-0.9286632868608693,-0.6204755188147992,True,False,False,False,True,False
0,0.2941176470588236,3,0.75,0.2870719255907785,-0.2972891062544072,1.0,0.4796639021812172,-0.6752323000239202,0.42247457415611156,0.36400938347394035,0.7744270425554667,0.5,1.0,0.16434540389972144,1.0,0.7499999999999999,0.20883240889664195,1,-2.0171439359679733,-1.0468694885825927,-0.6204755188147992,False,True,False,False,False,True
1,0.8039215686274509,3,0.75,0.5935759882474716,1.1186561596552806,0.5,0.35405315739678955,0.9947889182567976,0.2571621926460636,0.36400938347394035,0.2847594748806688,0.5,1.0,0.9777158774373259,0.5,0.6041666666666666,1.2675397570367308,1,-1.5961119774538344,-1.0369139438967814,2.013407393927571,False,False,False,True,False,True
0,0.3529411764705882,2,0.125,0.7332868080215111,-0.7219724449917274,0.25,0.03763258379295708,0.7099790980848922,0.04758964860832433,0.36400938347394035,0.023490511384430816,0.0,0.0,0.4282265552460539,0.5,0.8333333333333333,-1.1360120603623898,0,1.6415903594152654,1.7058507235301175,-0.6204755188147992,False,False,False,False,True,False
0,0.7843137254901961,3,0.625,0.43956156735565177,0.10379695086253726,0.75,0.5207452283734657,-0.2739093715998717,0.3092408440455978,0.36400938347394035,0.5607122862983223,1.0,0.0,0.10027855153203342,0.25,0.8541666666666666,-1.1837015805488804,1,-0.8696760184384118,-0.842616565299749,0.9202472164297006,False,False,False,False,True,False
0,0.2941176470588236,1,0.5,0.6247500974978961,0.4115098379397269,0.5,0.2679683448452987,0.3863315751622725,0.2030121094942505,0.36400938347394035,0.20476745152338238,1.0,1.0,0.04735376044568245,1.0,0.7083333333333333,-0.5923515302363983,1,0.4206081842080051,-0.1603891196657937,-0.6204755188147992,False,False,False,True,False,False
1,0.21568627450980393,2,0.875,0.6410178780352634,1.7741377097863835,0.75,0.29381079015865635,0.3733856742453677,0.3524629718994765,0.36400938347394035,0.21899837226022323,0.5,0.0,0.754874651810585,0.5,0.0,-0.372979737378542,1,-0.20031705298228872,-0.6213066743962545,-0.6204755188147992,True,True,False,False,True,False
0,0.7450980392156864,1,0.75,0.49789023349646505,0.6766202848928732,0.75,0.40795068141605867,0.9947889182567976,0.2571621926460636,0.36400938347394035,0.38944283151269493,0.0,0.0,0.46536675951717743,0.5,0.8124999999999999,0.22790821697123814,0,-1.033000719269968,-0.9521435727130299,-0.6204755188147992,False,True,False,False,False,False
0,0.9215686274509803,2,0.375,0.8133992898047989,0.4839272131076548,0.5,0.18853053601337325,0.02384634948893842,0.17275669971283322,0.36400938347394035,0.11053612998805536,0.0,0.0,0.34131847725162495,0.5,0.5208333333333333,-0.11545632837149337,0,0.5519364208921318,0.06972630124078953,-0.6204755188147992,True,False,True,False,True,False
0,0.5686274509803921,1,0.25,0.6849210095992665,-0.32052064355575316,0.25,0.23308227218789151,0.606411890749654,0.09666883242313029,0.36400938347394035,0.1625310808641169,0.0,0.0,0.46963788300835657,0.5,0.7083333333333333,-1.2313911007353708,0,1.0874822499834953,0.6428578125976725,-0.6204755188147992,True,False,True,False,True,False
1,0.019607843137254943,2,0.375,0.6353219483158521,0.013837394467061899,0.5,0.5800087093650306,0.8523840081708449,0.13346016133186014,0.36400938347394035,0.43705437413434195,0.5,1.0,0.6211699164345404,0.5,0.8541666666666666,0.18975660082204576,1,1.4618283944653094,1.2455372022707256,2.013407393927571,False,False,True,False,False,False
0,0.607843137254902,1,0.75,0.47908853395419204,0.5897627821662076,0.75,0.46372914683884625,0.3733856742453677,0.30290656668770183,0.36400938347394035,0.4595337589551824,0.0,0.0,0.4952646239554317,0.5,0.12499999999999999,0.31374935330692105,0,-0.7315869514707539,-0.8450921631734766,-0.6204755188147992,True,False,False,False,False,True
0,0.8627450980392156,3,0.625,0.5738555115389615,0.63556209856029,0.5,0.42723998225928594,-0.37747657893511005,0.32019368478483257,0.36400938347394035,0.355305727627194,0.5,1.0,0.3649025069637883,1.0,0.0625,-0.15360794452068577,1,0.06326436188316856,-0.3206550078293652,-0.6204755188147992,False,False,False,False,True,False
0,0.47058823529411764,2,0.875,0.6265317432623823,1.6976565088514561,1.0,0.5481182492568631,0.5934659898327491,0.3322237193204935,0.36400938347394035,0.41862859385288603,0.0,0.0,0.5004642525533891,0.5,0.08333333333333333,0.4854316259782868,0,-0.13224843979789794,-0.6089398313260791,-0.6204755188147992,True,False,False,False,False,True
0,0.47058823529411764,1,0.875,0.6598785894620168,1.873714987163757,0.5,0.4060287427942783,0.17919716049179588,0.3722196782961974,0.36400938347394035,0.2945188406002655,1.0,0.5,0.6490250696378831,0.75,0.7916666666666666,-0.08684261625959909,1,-1.4906012556287052,-1.0044070626237567,-0.6204755188147992,True,False,False,True,True,False
0,0.05882352941176472,1,0.75,0.4083417147314189,0.2629363678982312,0.75,0.5053615514056029,0.08857585407346236,0.3288646837033933,0.36400938347394035,0.584027517487518,0.5,0.0,0.9554317548746518,0.5,0.20833333333333331,1.1244711964772593,1,-0.9208788548148363,-0.883123071269317,-0.6204755188147992,False,False,True,False,False,False
1,0.3529411764705882,1,0.75,0.34652071793638733,-0.02265576092059219,1.0,0.49687542594215056,0.5805200889158443,0.2861887432427657,0.36400938347394035,0.6715802217382216,0.0,0.0,0.567502321262767,0.5,0.2916666666666667,-1.1932394845861785,0,-1.161191279329574,-0.9623153003987329,-0.6204755188147992,True,False,False,True,True,False
0,0.9215686274509803,1,0.625,0.7274916699165965,1.2439168158800904,0.75,0.3166639465747523,0.9041676118384641,0.21920205032159493,0.36400938347394035,0.20843248693375546,1.0,0.5,0.41225626740947074,0.75,0.6458333333333333,-0.9738676917283222,1,1.1929929718086245,0.7204334870582274,-0.6204755188147992,False,False,True,False,False,True
0,0.05882352941176472,3,1.0,0.5635104716161389,1.7500934073316377,0.75,0.33040320374767895,0.30865616966084375,0.4091899180582927,0.36400938347394035,0.27953444547729717,0.5,0.0,0.38997214484679665,0.5,0.7499999999999999,-1.622445166264593,1,0.7759335508931867,0.27146708902605815,-0.6204755188147992,False,False,True,False,False,True
1,0.823529411764706,3,0.625,0.48210828082130847,0.2722696210764395,0.5,0.5439370521697998,0.7747086026694162,0.22678678577163283,0.36400938347394035,0.5357996590994611,1.0,0.5,0.31197771587743733,0.25,0.16666666666666666,-0.5732757221618021,1,-0.2242066223397858,-0.6756686714581011,2.013407393927571,False,False,False,False,True,False
1,0.23529411764705888,2,0.375,0.6743878158418687,0.11696374634761514,0.5,0.43717211089266556,-1.0765552284479687,0.2630671036743143,0.36400938347394035,0.31049530266805464,0.0,0.0,0.26165273909006503,0.5,0.9583333333333333,1.2961534691486252,0,-1.7157301681687591,-0.992116571238473,-0.6204755188147992,False,True,False,False,True,False
0,0.7450980392156864,2,0.875,0.5141192347954597,1.1041618477529833,0.75,0.42379107188346327,0.7358708999187018,0.32019368478483257,0.36400938347394035,0.3921923330595749,1.0,0.0,0.10027855153203342,0.5,0.6458333333333333,-0.6114273383109945,1,0.16290092652542276,-0.43931949389346336,-0.6204755188147992,False,False,True,False,True,False
0,0.6862745098039217,1,0.25,0.5391599444433042,-0.6091064573562658,0.5,0.5877058663001841,0.4122233769960821,0.10328280274685372,0.36400938347394035,0.5195563366199774,1.0,1.0,0.22841225626740946,1.0,0.6666666666666666,-0.7068063786839754,1,0.027427352687197346,-0.48777014639517297,-0.6204755188147992,False,True,False,False,False,True
1,0.43137254901960786,2,0.875,0.38442394137810704,0.41942075209948554,1.0,0.39180971321791314,0.7876545035863209,0.31600768530690665,0.36400938347394035,0.4798113167864901,0.0,0.0,0.4037140204271123,0.5,0.4583333333333333,0.16114288871015148,0,0.6014410467875385,-0.059374476627590766,-0.6204755188147992,True,False,False,True,True,False
0,0.09803921568627455,1,0.25,0.5070574792859732,-0.6726646923521356,0.0,0.6891627507690384,-0.0667749569293951,0.12260560304486182,0.36400938347394035,0.6466446506840742,1.0,0.0,0.479108635097493,0.5,0.2916666666666667,-1.6701346864510833,1,0.6298817136247582,0.1928780875587006,-0.6204755188147992,True,False,False,False,False,False
1,0.4509803921568628,2,0.625,0.4872123812065107,0.2924803812243163,0.5,0.2857137520171048,0.23098076415941504,0.264073842603721,0.36400938347394035,0.27844882756907013,1.0,1.0,0.4874651810584958,0.75,0.6041666666666666,-0.7735717069450622,1,-1.033000719269968,-0.9198719499039254,0.9202472164297006,False,False,True,False,True,False
1,0.8431372549019608,2,0.0,0.7988464459451138,-1.175915329251443,0.0,0.4377241222019764,0.606411890749654,0.00289743094456249,-2.74718192826914,0.36609673892771316,0.0,0.0,0.39684308263695445,0.5,0.3125,1.658593822565953,0,1.749443933434496,2.0176982091238456,-0.6204755188147992,True,False,False,False,True,False
1,0.6274509803921569,1,0.25,0.5015428614435161,-0.6835828375794738,0.25,0.15005456375858076,0.4122233769960821,0.10328280274685372,0.36400938347394035,0.1419965116207922,0.5,0.0,0.49025069637883006,0.5,0.4375,-0.7258821867585716,1,0.2805524737271681,-0.29424335631230447,-0.6204755188147992,True,False,False,True,False,False
1,0.21568627450980393,3,1.0,0.5853614036047994,1.8798784562437063,0.5,0.47741672527315643,0.7099790980848922,0.36811236301898437,0.36400938347394035,0.38951196559509554,0.5,0.0,0.1532033426183844,0.0,0.8749999999999999,-0.9071023634672355,1,-0.7315869514707539,-0.8655944087062464,2.013407393927571,False,True,False,False,False,False
0,0.7843137254901961,1,0.125,0.8619532420616186,-0.5521451661888253,0.0,0.1186465846414933,0.9559512155060832,0.04276975816605876,0.36400938347394035,0.06506347418237354,0.5,1.0,0.7827298050139276,0.5,0.6041666666666666,-0.20129746470717627,1,-0.2242066223397858,-0.6921853475083152,2.013407393927571,True,False,False,False,True,False
0,0.3921568627450981,3,1.0,0.47841932533736553,1.2446889427758205,0.75,0.41290147129590354,0.968897116422988,0.34534437225579623,0.36400938347394035,0.40969157947294677,0.5,1.0,0.5988857938718664,0.5,0.0,-1.5842935501154005,1,0.6483525898774916,-0.04641178394298504,2.013407393927571,False,False,False,False,False,False
1,0.1960784313725491,2,0.25,0.4771102307792305,-0.7319559102926557,0.5,0.6281285527415817,0.29571026874393896,0.10755841453031881,0.36400938347394035,0.6250251440057064,1.0,0.5,0.27019498607242337,0.5,0.7083333333333333,1.3343050852978176,1,0.008956476434464797,-0.4833223918964828,0.9202472164297006,False,False,True,False,True,False
0,0.8431372549019608,3,1.0,0.5186158263602382,1.4834387065870307,0.75,0.5229074278925864,0.9041676118384641,0.35079721037975303,0.36400938347394035,0.4799558802312942,0.5,0.0,0.033426183844011144,0.5,0.3541666666666667,-1.4889145097424195,1,-0.11066171428046011,-0.6302496791665525,-0.6204755188147992,True,True,False,False,False,True
0,0.7254901960784313,1,0.75,0.46367946796937537,0.5185781008142694,0.75,0.48671393288582315,-0.10561265968010947,0.34891054141834577,0.36400938347394035,0.4977858827373917,1.0,0.0,0.30919220055710306,0.0,0.2916666666666667,0.14206708063555526,1,-0.5754001829112309,-0.7493421803836666,2.013407393927571,False,False,False,True,True,False
0,0.5490196078431373,2,1.0,0.6561186486677568,2.3001457709808872,1.0,0.36657128856020244,0.8394381072539401,0.35640495867768596,0.36400938347394035,0.26729358938493547,0.0,0.0,0.4774373259052925,0.5,0.4166666666666667,0.46635581790369063,0,0.08065919505101363,-0.5096654335336759,-0.6204755188147992,False,False,True,False,True,False
0,0.9215686274509803,3,0.375,0.5808514132063465,-0.12995430725526466,0.5,0.4907563475605406,-1.244851940367731,0.2839661605072853,0.36400938347394035,0.4034453735525171,0.5,1.0,0.25348189415041783,1.0,0.8124999999999999,0.990940539955086,1,-0.24875078124811795,-0.3618460747446097,-0.6204755188147992,False,False,False,False,False,False
0,0.7843137254901961,3,0.75,0.5334029258165631,0.8406769311066362,0.5,0.5374183153398544,0.9171135127553688,0.26220940710037843,0.36400938347394035,0.48002541910391844,1.0,1.0,0.1894150417827298,0.75,0.020833333333333332,-1.631983070301891,1,0.5519364208921318,-0.13656940080977176,0.9202472164297006,False,False,False,False,True,False
1,0.03921568627450983,1,0.5,0.6035181346086742,0.34144948171665807,0.75,0.4063119551960638,-1.0895011293648733,0.3417216820998801,0.36400938347394035,0.32164578973604874,0.5,0.0,0.520891364902507,0.0,0.6041666666666666,-0.4874345858261192,1,-0.11066171428046011,-0.2905298459230902,2.013407393927571,True,True,False,False,True,False
0,0.5294117647058824,2,0.0,0.7114062275498265,-1.2336216551428336,0.0,0.39211479466677024,0.6711413953341778,0.0022059014351335227,-2.74718192826914,0.4023373093675255,0.5,0.0,0.9777158774373259,0.0,0.8124999999999999,1.4296841256707986,1,1.7627153726224938,2.0176982091238456,2.013407393927571,False,False,False,True,False,True
0,0.37254901960784315,2,0.75,0.45120560180393093,0.4609530514382185,1.0,0.4115974339423833,0.9300594136722736,0.2613564887803364,0.36400938347394035,0.4321596566221752,0.5,1.0,0.7214484679665739,1.0,0.6458333333333333,1.6967454387151453,1,-2.0171439359679733,-1.0730489628423234,-0.6204755188147992,True,False,False,True,False,True
1,0.4901960784313726,3,0.75,0.5571865479293793,0.9505492337604083,1.0,0.18652903166047155,0.8135463054201305,0.269208211143695,0.36400938347394035,0.15927792709178146,0.5,1.0,0.21727019498607242,0.5,0.5624999999999999,0.990940539955086,1,-0.4738796937881716,-0.7863114345779796,2.013407393927571,False,False,False,False,False,True
1,0.4509803921568628,3,0.375,0.48313286397504046,-0.38791242085849215,0.25,0.608859394083775,0.2568725659932246,0.1600485256048984,0.36400938347394035,0.598555547366783,0.0,0.0,0.39944289693593316,0.5,0.20833333333333331,-0.3443660252666477,0,1.0762141044230533,0.7498652611272083,-0.6204755188147992,True,False,False,True,True,False
0,1.0,3,0.5,0.5214023276339826,0.07048712565903252,0.75,0.552068126009837,0.6970331971679874,0.18562791857655167,0.36400938347394035,0.5041235143186635,0.5,1.0,0.44846796657381616,0.5,0.12499999999999999,-1.431687085518631,1,-0.35426150307324666,-0.7287452851692469,2.013407393927571,True,False,True,False,True,False
1,0.9019607843137255,2,1.0,0.48624880550823196,1.2911926556361828,1.0,0.47532896873273583,0.8912217109215592,0.3519061583577712,0.36400938347394035,0.4643296522244146,1.0,0.5,0.43175487465181056,0.5,0.0,-0.4778966817888211,1,-0.6119687607558291,-0.8393885529406638,0.9202472164297006,False,True,False,False,False,False
0,0.3921568627450981,3,0.75,0.763588860902024,1.904058219557352,0.75,0.5078833731584503,0.42516927791298686,0.2985703812316715,0.36400938347394035,0.3194543561810385,0.5,0.0,0.7186629526462396,0.0,0.8749999999999999,0.18021869678474767,1,-2.0171439359679733,-1.0669819930045281,2.013407393927571,True,False,False,False,False,False
0,0.5686274509803921,3,0.0,0.4081980336213797,-1.4337244359098806,0.0,0.5430655450562775,-2.604171536642734,0.1381027074950556,-2.74718192826914,0.6312677758381587,1.0,0.5,0.39554317548746515,0.75,0.5624999999999999,-0.4874345858261192,1,0.5416985293388166,2.002370777097843,-0.6204755188147992,False,False,False,True,False,False
0,0.05882352941176472,2,0.0,0.16999527904924155,-1.590926762663305,0.0,0.377973321539604,0.7358708999187018,0.0015344745277228455,-2.74718192826914,0.44912481654593284,0.5,1.0,0.016713091922005572,1.0,0.7916666666666666,1.486911549894587,1,1.7757930612397221,2.0176982091238456,-0.6204755188147992,False,False,False,True,False,True
0,0.6862745098039217,2,0.375,0.4072589749379092,-0.5882048468279993,0.25,0.4862060503095393,0.4122233769960821,0.15237316026071207,0.36400938347394035,0.5633303242573149,1.0,0.5,0.1448467966573816,0.5,0.375,0.18021869678474767,1,0.16290092652542276,-0.38997727585078196,0.9202472164297006,True,False,True,False,False,False
0,0.7647058823529412,1,0.625,0.4826556374309818,0.2744369948188393,0.75,0.4754733000436311,0.9041676118384641,0.21920205032159493,0.36400938347394035,0.46781273537785345,0.5,1.0,0.5766016713091923,1.0,0.7916666666666666,1.067243772253471,1,0.37217445594217585,-0.30059862390008874,-0.6204755188147992,True,False,False,True,True,False
1,0.17647058823529416,2,0.875,0.5945626962786592,1.5288722786620832,1.0,0.46672912199571337,0.19214306140870066,0.3708415062826513,0.36400938347394035,0.37502796849197795,0.5,1.0,0.011142061281337047,1.0,0.6458333333333333,-0.468358777751523,1,0.252556265227251,-0.2767685324274967,-0.6204755188147992,True,False,True,False,False,True
1,0.17647058823529416,2,0.0,0.983743508692707,-1.053892187554343,0.0,0.39871712537457216,-0.9341503183620159,0.02884812112118939,-2.74718192826914,0.32596292513207736,0.5,0.0,0.596100278551532,0.0,0.9999999999999999,0.3614388734934115,1,1.356317672640181,2.0176982091238456,2.013407393927571,True,True,False,False,True,False
1,0.8039215686274509,1,1.0,0.6505310499440099,2.266957860550393,1.0,0.4724104338311798,0.7747086026694162,0.36217431355480995,0.36400938347394035,0.34765987311906343,1.0,0.0,0.713091922005571,0.5,0.6041666666666666,1.4487599337453947,1,-0.4738796937881716,-0.7835123004675091,-0.6204755188147992,False,False,False,False,False,True
0,0.4509803921568628,2,0.0,0.006650382807528884,-1.6987265141759074,0.0,0.3494349321043962,-3.0443321678174966,0.2571621926460636,-2.74718192826914,0.533481414757735,1.0,1.0,0.49025069637883006,0.75,0.020833333333333332,-1.6701346864510833,1,0.09772267783207433,1.9854777758679116,0.9202472164297006,True,False,True,False,False,True
0,0.05882352941176472,1,0.125,0.5187093331143907,-1.005194008779801,0.25,0.2291472210436995,-0.48104378627034833,0.08129032258064517,0.36400938347394035,0.2100260262674773,0.5,1.0,0.8356545961002786,1.0,0.8958333333333333,1.1435470045518557,1,1.104123083188206,1.141183209906259,-0.6204755188147992,False,False,False,True,True,False
0,0.9019607843137255,2,0.5,0.6005336726944314,0.33160147727463,0.75,0.4619222171466317,0.3733856742453677,0.20379375626415236,0.36400938347394035,0.3675561834597573,0.0,0.0,0.39387186629526466,0.5,0.8749999999999999,0.8669477874702107,0,0.8805630077574653,0.3985053397276764,-0.6204755188147992,True,False,False,True,True,False
0,0.5098039215686275,1,0.0,0.9228227180360844,-1.0940969704758565,0.0,0.40544820753920363,-0.4163142816858244,0.017422804899085736,-2.74718192826914,0.3701180495718544,0.5,1.0,0.07799442896935933,1.0,0.7499999999999999,1.7158212467897414,1,1.5085142084976344,2.0176982091238456,-0.6204755188147992,True,True,False,False,True,False
0,0.9803921568627451,3,0.25,0.29554520139302254,-1.0914283915555267,0.5,0.3082585081271295,-0.1832880651815382,0.12809770874287008,0.36400938347394035,0.48478815075125453,0.5,0.0,0.24233983286908076,0.5,0.375,-1.345845949182948,1,-0.15436822439709186,-0.5181765827626874,-0.6204755188147992,False,False,True,False,True,False
0,0.8627450980392156,3,0.5,0.42987746053900944,-0.23152285925846772,0.5,0.16815526264000122,0.5675741879989395,0.19256496354245112,0.36400938347394035,0.185022866971993,0.0,0.0,0.3220055710306406,0.5,0.5208333333333333,-1.5842935501154005,0,0.04552505427906295,-0.49730804862075106,-0.6204755188147992,True,False,False,False,False,False
0,0.05882352941176472,3,1.0,0.4642655956722337,1.160621933742494,0.75,0.47284421261042675,-0.07972085784629988,0.4575719309963369,0.36400938347394035,0.4830070615034255,1.0,0.5,0.626740947075209,0.75,0.0,0.18975660082204576,1,-0.7315869514707539,-0.8117212672250373,-0.6204755188147992,False,False,False,True,False,False
0,0.607843137254902,1,0.25,0.48259063883358294,-0.7211054954947675,0.25,0.6365745553266976,0.5028446834144156,0.10012054045301622,0.36400938347394035,0.6264926976482839,0.5,0.0,0.8050139275766017,0.5,0.8541666666666666,0.8097203632464222,1,-0.1770480626315691,-0.6233890914116054,-0.6204755188147992,True,False,True,False,False,False
1,0.17647058823529416,3,0.25,0.572377648692844,-0.5433402103603266,0.5,0.23316554379947643,0.5934659898327491,0.0970912261234842,0.36400938347394035,0.19407273308530032,0.0,0.0,0.4443825441039925,0.5,0.5624999999999999,-1.0883225401758994,0,-1.5961119774538344,-1.0289791662303336,-0.6204755188147992,True,False,False,True,True,False
1,0.1960784313725491,2,0.875,0.2800857981485662,-0.13144437670316428,0.75,0.4191122624477265,0.8006004045032258,0.31497617827223146,0.36400938347394035,0.6926872693494457,1.0,0.0,0.033426183844011144,0.5,0.5208333333333333,-0.09638052029689718,1,0.7101568015859882,0.05972147164062953,-0.6204755188147992,False,False,False,False,True,False
0,0.5294117647058824,1,0.75,0.4381482143956742,0.40063233097005846,0.5,0.4271517250235554,-0.4163142816858244,0.3858892530619285,0.36400938347394035,0.46136303837046755,0.0,0.0,0.32534818941504184,0.5,0.8124999999999999,-0.5255862019753116,0,-0.4120754820796742,-0.6353275057342822,-0.6204755188147992,False,False,True,False,False,False
0,0.8823529411764707,2,0.375,0.5532389827377409,-0.2028457954293426,0.75,0.16826285482346268,0.9171135127553688,0.13098183128819282,0.36400938347394035,0.14462762041709665,0.5,0.0,0.5710306406685237,0.5,0.7083333333333333,1.5536768781556738,1,0.9286254175680474,0.3097820145642873,-0.6204755188147992,False,False,False,True,True,False
0,0.13725490196078433,2,0.25,0.3943635953118905,-0.895782273046289,0.25,0.35785802667527505,0.9947889182567976,0.08507621410847219,0.36400938347394035,0.42768497292745883,1.0,0.5,0.596100278551532,0.75,0.04166666666666667,0.19929450485934386,1,1.331082038776282,0.9353653716795782,-0.6204755188147992,False,False,False,False,False,True
1,0.7647058823529412,2,0.75,0.5867760597947997,1.0872427864763756,0.75,0.4930692684424839,0.08857585407346236,0.3288646837033933,0.36400938347394035,0.4013623558166946,0.0,0.0,0.34800371402042707,0.5,0.5208333333333333,0.32328725734421915,0,0.6110219483880767,0.12277257873397802,-0.6204755188147992,False,False,True,False,True,False
0,0.4117647058823529,1,0.625,0.3964846021743741,-0.06677536266431487,0.75,0.3104826586429918,0.7099790980848922,0.23074548541441578,0.36400938347394035,0.3692050050486878,0.0,0.0,0.31959145775301767,0.5,0.6666666666666666,-0.0010014799239162027,0,0.16290092652542276,-0.4356182630078355,-0.6204755188147992,False,False,True,False,False,False
0,0.6470588235294118,2,0.5,0.5640920380139165,0.21135287282911944,0.75,0.3805246836200326,0.29571026874393896,0.20858953741367894,0.36400938347394035,0.32171766513185585,0.5,0.0,0.4066852367688022,0.5,0.4375,1.2770776610740289,1,0.9151544003998425,0.4751208788204192,-0.6204755188147992,False,True,False,False,True,False
0,0.8627450980392156,3,0.375,0.6007615098832078,-0.07739549400207302,0.5,0.5675865492641123,0.8394381072539401,0.1339642761930152,0.36400938347394035,0.45165531846228485,0.5,1.0,0.7270194986072424,1.0,0.10416666666666667,0.8097203632464222,1,1.2600899951358864,0.8599677974044542,-0.6204755188147992,True,False,False,False,False,False
0,0.6666666666666666,1,0.375,0.4090447258769679,-0.5834908089382801,0.5,0.35161772129613805,-0.6493404981901106,0.22031255800141056,0.36400938347394035,0.40574924535282036,1.0,0.5,0.5626740947075209,0.5,0.8541666666666666,-1.2981564289964576,1,-0.009903288802217195,-0.31978945282173216,0.9202472164297006,False,False,True,False,True,False
0,0.6666666666666666,3,0.875,0.3811526303906073,0.40214949258973837,1.0,0.5039506034990285,0.5805200889158443,0.33335688796240676,0.36400938347394035,0.6220734667243861,0.5,1.0,0.4456824512534819,1.0,0.6874999999999999,-1.5461419339662081,1,0.7270592985169512,0.13335362366452125,-0.6204755188147992,True,True,False,False,True,False
1,0.47058823529411764,1,0.5,0.8077669902912621,1.0154214390876077,0.75,0.14067918067522361,-0.37747657893511005,0.2594966923549069,0.36400938347394035,0.08270103771025773,0.5,1.0,0.18384401114206128,1.0,0.04166666666666667,-0.15360794452068577,1,-0.44244468735918835,-0.6565064297887447,-0.6204755188147992,True,False,True,False,True,False
1,0.6470588235294118,2,0.5,0.5393624663888832,0.1297512514277731,0.25,0.3735684293490708,-0.46809788535344354,0.26796041639892043,0.36400938347394035,0.329923384541318,0.0,0.0,0.36360259981429893,0.5,0.3333333333333333,-0.7258821867585716,0,-0.6500939085150256,-0.7426990919576301,-0.6204755188147992,False,False,False,True,True,False
0,0.09803921568627455,3,0.625,0.5556798511190021,0.5635917442267316,0.75,0.4376567789217244,0.5934659898327491,0.2381707220416898,0.36400938347394035,0.37557540522253224,0.0,0.0,0.43862581244196847,0.5,0.10416666666666667,0.4949695300155849,0,1.070526429694056,0.6194825691821979,-0.6204755188147992,True,True,False,False,False,False
0,0.7843137254901961,1,0.5,0.40131776103778816,-0.3257629787951822,0.75,0.33888666331307005,0.9171135127553688,0.17472435655892132,0.36400938347394035,0.39829427011564805,0.0,0.0,0.3433611884865367,0.5,0.8541666666666666,-0.5351241060126097,0,-0.8696760184384118,-0.9129108288718419,-0.6204755188147992,True,False,True,False,False,False
1,0.7058823529411765,2,0.125,0.5055419856729406,-1.0225736369766683,0.25,0.6156767076792533,0.1533053586579863,0.060759717141203824,0.36400938347394035,0.5793233824821928,1.0,0.5,0.20891364902506962,0.75,0.08333333333333333,0.8955614995821051,1,-0.5402660421392802,-0.7593250454664923,-0.6204755188147992,False,False,False,True,False,True
0,0.0,2,0.125,0.6111270756788931,-0.8832115053403711,0.25,0.5734196011879507,-3.3291419879894018,1.0,0.36400938347394035,0.4487606343266617,1.0,0.5,0.07242339832869081,0.75,0.3958333333333333,0.24698402504583436,1,-0.8212422901725825,0.9585608356884463,-0.6204755188147992,True,False,False,True,False,True
0,0.21568627450980393,1,0.875,0.5489259837024569,1.2879280489366929,1.0,0.3925912706218115,0.3345479714946534,0.35626282405628995,0.36400938347394035,0.34087187449224543,1.0,0.0,0.11977715877437325,0.25,0.0,1.0195542520669802,1,-0.27398641511201677,-0.6558000696756553,0.9202472164297006,False,False,False,True,False,True
0,0.6666666666666666,1,0.0,0.04244750508015353,-1.6751021403837512,0.0,0.4144110379047745,-1.0377175256972542,0.03166305410344681,-2.74718192826914,0.5732793780521971,0.0,0.0,0.4391829155060353,0.5,0.4791666666666667,-1.2504669088099671,0,1.322509669431601,2.0176355441548495,-0.6204755188147992,True,True,False,False,False,False
0,0.09803921568627455,1,0.0,0.8077546747675445,-1.170036327975184,0.0,0.446899666844038,-3.626897709078212,0.47800586510263926,-2.74718192826914,0.3914018315005986,0.5,0.0,0.025069637883008356,0.5,0.16666666666666666,-0.6781926665720812,1,-1.5961119774538344,1.7351103304287592,-0.6204755188147992,True,False,False,True,False,False
0,0.3137254901960784,1,0.625,0.5179156660303647,0.41405650208704636,0.75,0.32050378615518377,-0.7270159036915393,0.36276040674867654,0.36400938347394035,0.29438377489283724,1.0,0.0,0.37325905292479106,0.25,0.2916666666666667,-0.7831096109823602,1,0.4438771745587247,0.17994863135044128,0.9202472164297006,False,False,False,False,False,True
0,0.1568627450980392,3,0.875,0.6032810607771095,1.5749018785162958,1.0,0.4364570976684201,0.5934659898327491,0.3322237193204935,0.36400938347394035,0.34570376642499806,1.0,0.5,0.6880222841225627,0.75,0.7499999999999999,-1.4603007976305251,1,-1.161191279329574,-0.9627888676996057,-0.6204755188147992,True,False,True,False,False,True
0,0.019607843137254943,1,0.0,0.4102711467805168,-1.4323562812349908,0.0,0.4068738455127798,-0.5198814890210627,0.019411827561233337,-2.74718192826914,0.4724839930353177,0.0,0.0,0.3195914577530176,0.5,0.3541666666666667,1.5346010700810775,0,1.4800735416604147,2.0176982091238456,-0.6204755188147992,True,False,False,False,False,False
0,0.33333333333333337,2,0.625,0.6237402245530491,0.8330911230082375,0.5,0.25001156578387684,0.34749387241155816,0.2552440368343388,0.36400938347394035,0.19128939833351016,0.5,1.0,0.31476323119777155,1.0,0.4375,1.0386300601415765,1,-0.35426150307324666,-0.696467244863499,-0.6204755188147992,False,False,False,True,True,False
0,0.9411764705882354,3,0.25,0.6373899300067735,-0.4146253022335678,0.25,0.2896379996286856,-0.09266675876320468,0.12379555927943026,0.36400938347394035,0.21708294802496086,0.0,0.0,0.5229340761374188,0.5,0.20833333333333331,1.1340091005145574,0,0.8222786660411202,0.47098192195763827,-0.6204755188147992,False,False,False,True,False,True
0,0.6862745098039217,2,0.0,0.5161025472608223,-1.3625126623861623,0.0,0.41495674831237667,-1.0247716247803496,0.031299345815474854,-2.74718192826914,0.478438926680275,0.5,0.0,0.7743732590529249,0.5,0.7708333333333333,-1.4126112774440347,1,1.3268061081733833,2.017687970130591,-0.6204755188147992,True,False,False,False,False,False
0,0.5294117647058824,2,0.875,0.41967456228576117,0.6055304261421651,1.0,0.39082869265737913,0.8782758100046545,0.3089091735161703,0.36400938347394035,0.43999578894477465,0.0,0.0,0.4607242339832869,0.5,0.04166666666666667,-0.8784886513553413,0,0.6753638551660803,0.0024179023232247807,-0.6204755188147992,True,True,False,False,False,False
0,0.7843137254901961,1,0.625,0.4264079038294436,0.05171225061549574,0.75,0.38048826814695885,0.3733856742453677,0.2533501614759271,0.36400938347394035,0.4218511695752552,0.5,0.0,0.14763231197771587,0.5,0.5833333333333333,-0.4588208737142249,1,1.0762141044230533,0.7060663559312529,-0.6204755188147992,False,False,False,True,False,True
0,0.7058823529411765,3,0.0,0.0,-1.7031154460042666,0.0,0.4549209655354956,-3.186737077903449,0.3379586581789571,-2.74718192826914,0.6255398711836586,1.0,0.5,0.584958217270195,0.75,0.9374999999999999,-1.155087868436986,1,-0.11066171428046011,1.974121401385901,-0.6204755188147992,True,False,False,True,False,False
0,0.9411764705882354,1,0.375,0.45533056918245446,-0.4613051142105,0.5,0.17268974195699663,-0.07972085784629988,0.17892737500130448,0.36400938347394035,0.17966925797352612,1.0,1.0,0.15877437325905291,1.0,0.6458333333333333,-0.9643297876910241,1,1.029668270977068,0.8056292947681047,-0.6204755188147992,False,False,False,False,False,True
0,0.4901960784313726,2,0.625,0.42425268717885556,0.0431782165047972,0.75,0.43462756998646973,-0.2998011734336813,0.3119168221807518,0.36400938347394035,0.48421568576349394,0.5,1.0,0.25348189415041783,1.0,0.6874999999999999,-0.8403370352061489,1,-0.7315869514707539,-0.7924438606171725,-0.6204755188147992,False,False,False,True,True,False
0,0.05882352941176472,1,0.375,0.4548430797019643,-0.4625919923700499,0.5,0.6046512944056861,0.23098076415941504,0.16138647180424018,0.36400938347394035,0.6300097726361202,1.0,1.0,0.25626740947075205,1.0,0.14583333333333331,1.3152292772232212,1,0.6014410467875385,0.07201189727728391,-0.6204755188147992,True,False,False,True,False,True
0,0.7647058823529412,1,0.25,0.6291590549888134,-0.4309212435592351,0.25,0.3749558308033706,0.968897116422988,0.08578927755545113,0.36400938347394035,0.28491515378640003,0.5,1.0,0.3593314763231198,0.5,0.6874999999999999,0.4472800098290944,1,1.4469599077296502,1.1693641963375747,2.013407393927571,False,True,False,False,True,False
0,0.6862745098039217,1,0.25,0.45590016215439555,-0.7739487765516488,0.5,0.3622845279195201,-1.477878156872017,0.22756937263743152,0.36400938347394035,0.3765909721411917,0.5,0.0,0.061281337047353765,0.5,0.08333333333333333,0.6571138986496525,1,0.7270592985169512,1.0399610979071319,-0.6204755188147992,False,True,False,False,True,False
0,0.9803921568627451,1,0.0,0.5715634557359551,-1.3259111383113884,0.0,0.4141879026471143,-1.1542306339493973,0.03510175064427264,-2.74718192826914,0.38190271985655044,0.0,0.0,0.4679665738161559,0.5,0.16666666666666666,-0.08684261625959909,0,1.2828852648195865,2.0171399702722703,-0.6204755188147992,True,True,False,False,False,False
0,0.5882352941176471,1,1.0,0.5011505892065837,1.379702780841428,1.0,0.39800132472014377,0.968897116422988,0.34534437225579623,0.36400938347394035,0.37753998101426195,0.0,0.0,0.47298050139275766,0.5,0.3333333333333333,0.6094243784631621,0,-0.5064580389307003,-0.8087357487818236,-0.6204755188147992,False,True,False,False,False,False
0,0.5686274509803921,1,0.375,0.7068494837742975,0.20265628568774108,0.5,0.2553453165120388,-0.20917986701534777,0.18715304455097337,0.36400938347394035,0.17269121492541942,0.5,1.0,0.8050139275766017,0.5,0.3958333333333333,-1.155087868436986,1,-1.0948049309784653,-0.9109993749545294,2.013407393927571,True,True,False,False,False,False
0,0.9607843137254902,3,0.75,0.5052560895866383,0.7106480526485478,0.75,0.3138728700988156,0.3733856742453677,0.30290656668770183,0.36400938347394035,0.29530633614457596,0.0,0.0,0.4479108635097493,0.5,0.8541666666666666,-1.040633019989409,0,-1.033000719269968,-0.9267804657371717,-0.6204755188147992,True,False,False,True,False,False
0,0.6470588235294118,1,0.5,0.5548143434799565,0.1807387187177246,0.5,0.4278815677923364,0.5028446834144156,0.19619308061817461,0.36400938347394035,0.36773001427050017,0.5,1.0,0.0055710306406685246,1.0,0.5416666666666666,0.7715687470972298,1,0.26666373411704675,-0.32214033472435755,-0.6204755188147992,True,False,True,False,True,False
0,0.3529411764705882,3,0.375,0.5228658223690963,-0.28302507781223923,0.5,0.20263723647398663,-0.5587191917717771,0.2127301572039806,0.36400938347394035,0.18422866039261157,0.0,0.0,0.4774373259052925,0.5,0.08333333333333333,0.008536424113381895,0,-0.8212422901725825,-0.8009177036436248,-0.6204755188147992,False,False,False,True,True,False
1,0.33333333333333337,1,0.5,0.22328044500092364,-0.9132431777584961,0.75,0.1852880250461581,0.3345479714946534,0.20616866386216073,0.36400938347394035,0.37959176745433654,1.0,1.0,0.5738161559888579,0.5,0.9374999999999999,-0.0105393839612143,1,0.6574471427172601,0.11186104365974853,2.013407393927571,True,False,False,True,False,False
0,0.5686274509803921,3,0.125,0.2704899525852337,-1.3328196421152871,0.25,0.5474756045820959,0.8912217109215592,0.0439882697947214,0.36400938347394035,0.934293275841583,1.0,0.0,0.7883008356545962,0.5,0.5833333333333333,0.12299127256095907,1,1.6046446795821652,1.5381487276291772,-0.6204755188147992,True,False,True,False,False,True
0,0.3921568627450981,2,0.0,0.05154046675834889,-1.669101224334482,0.0,0.43074909712162784,-2.824251852230115,0.18296570189978326,-2.74718192826914,0.5967396888841462,0.0,0.0,0.4375116063138347,0.5,0.20833333333333331,0.16114288871015148,0,0.3469388220782775,1.99598294935473,-0.6204755188147992,True,False,False,False,True,False
0,0.03921568627450983,3,0.125,0.5302756624725466,-0.9899275699817736,0.25,0.8570004242681375,-1.9439305898805894,0.18462230023331977,0.36400938347394035,0.7701674220835428,0.5,0.0,0.415041782729805,0.5,0.5208333333333333,1.0195542520669802,1,0.33404930818297973,0.6984131378803906,-0.6204755188147992,True,False,True,False,False,False
1,0.09803921568627455,3,0.125,0.5970052751493257,-0.901850919525008,0.25,0.1575943996605854,-0.13150446151391904,0.06907905184369606,0.36400938347394035,0.12559016050705718,0.5,0.0,0.9665738161559889,0.0,0.4583333333333333,-0.9071023634672355,1,0.09772267783207433,-0.3435804756015667,2.013407393927571,False,True,False,False,False,False
0,0.7254901960784313,2,0.875,0.1465829553151748,-0.8362878638174186,1.0,0.1934340049942956,0.9947889182567976,0.3001836872804615,0.36400938347394035,0.5798801724820113,0.0,0.0,0.3619312906220985,0.5,0.3541666666666667,1.5155252620064814,0,0.6664502914693572,-0.03202654073106967,-0.6204755188147992,False,False,False,True,False,False
0,0.23529411764705888,1,0.25,0.2999719479737542,-1.0826640739846984,0.5,0.04570041896340498,0.8782758100046545,0.088348271446863,0.36400938347394035,0.0720386164518034,1.0,0.0,0.6211699164345404,0.0,0.3958333333333333,0.32328725734421915,1,1.1626237665291104,0.6776561892773394,2.013407393927571,True,True,False,False,False,True
0,0.8627450980392156,1,0.875,0.5303475030275663,1.1898408410072192,1.0,0.45209466728549863,0.968897116422988,0.3020851898057387,0.36400938347394035,0.40598679868308646,0.0,0.0,0.39257195914577536,0.5,0.8958333333333333,-0.6400410504228887,0,-1.2328939979461229,-0.9875475114221818,-0.6204755188147992,False,False,True,False,False,True
0,0.03921568627450983,3,0.0,0.9599129702990619,-1.0696191932726304,0.0,0.3700110112803732,-1.91803878804678,0.06867233485938523,-2.74718192826914,0.3229548351249664,0.0,0.0,0.39331476323119774,0.5,0.4166666666666667,1.1053953884026633,0,0.9678640592685704,2.012310411129991,-0.6204755188147992,False,False,False,False,True,False
0,0.9215686274509803,1,0.125,0.8252940331287588,-0.6005317849878973,0.25,0.12454391175222741,-1.3872568504536835,0.13000977517106552,0.36400938347394035,0.07147435579325355,1.0,0.5,0.8495821727019499,0.5,0.5208333333333333,1.381994605484308,1,-1.0948049309784653,-0.8078962530456121,0.9202472164297006,False,False,False,False,True,False
0,0.5294117647058824,1,1.0,0.4376663450946584,1.00263393400745,0.75,0.3891436137470876,0.6970331971679874,0.36932086927357005,0.36400938347394035,0.42075705573343564,1.0,0.5,0.09192200557103064,0.5,0.6458333333333333,-1.1073983482504957,1,-0.4738796937881716,-0.777772102079897,0.9202472164297006,True,False,False,True,True,False
0,0.4117647058823529,2,0.0,0.10710400459779551,-1.632431969830258,0.0,0.41070816302893837,-0.9729880211127303,0.029878824766225866,-2.74718192826914,0.5521549867987576,1.0,0.0,0.19498607242339833,0.5,0.0,-1.3076943330337556,1,1.3437887165120603,2.0176982091238456,-0.6204755188147992,False,False,True,False,True,False
1,0.7647058823529412,1,0.375,0.41056877193702657,-0.5794676214289508,0.5,0.5785401602528781,0.8523840081708449,0.13346016133186014,0.36400938347394035,0.6650911699498585,0.5,1.0,0.6601671309192201,1.0,0.020833333333333332,1.1244711964772593,1,-0.6899140534884558,-0.8612439919193426,-0.6204755188147992,False,True,False,False,False,True
0,0.7647058823529412,1,0.625,0.4484561122628406,0.1390167741765315,0.75,0.4692331037996217,0.5805200889158443,0.23902059852312477,0.36400938347394035,0.49559560488418486,1.0,0.0,0.3565459610027855,0.0,0.0625,1.2675397570367308,1,0.22365679901485108,-0.3699742897770554,2.013407393927571,False,True,False,False,False,False
0,0.21568627450980393,3,0.125,0.5482358012274472,-0.9662219196742774,0.25,0.4205557912600762,-2.759522347645591,0.3792502179598954,0.36400938347394035,0.36564313551247524,1.0,0.0,0.10306406685236769,0.0,0.8333333333333333,-0.8212612271315526,1,-0.15436822439709186,0.7806620923183161,2.013407393927571,False,False,False,False,True,False
0,0.43137254901960786,1,0.25,0.39443201488809976,-0.895646812187389,0.25,0.1328644714395508,-0.19623396609844299,0.1287303777816112,0.36400938347394035,0.15897648319478958,0.0,0.0,0.45571030640668525,0.5,0.18749999999999997,0.9718647318804898,0,0.7436487681850255,0.39241020815382843,-0.6204755188147992,False,False,False,True,False,True
0,0.5882352941176471,1,0.125,0.3938607114267534,-1.169982143631624,0.25,0.6555154857870173,-0.4292601826027292,0.07931743136213545,0.36400938347394035,0.7840952970634414,1.0,0.5,0.0,0.5,0.5624999999999999,-0.4969724898634173,1,-2.217037214644128,-1.0701105503207697,0.9202472164297006,True,False,True,False,False,True
0,0.33333333333333337,3,0.5,0.3281101828855271,-0.5673303284715128,0.5,0.3878141952053906,0.5287364852482251,0.19472856018882767,0.36400938347394035,0.552235892571991,0.0,0.0,0.3312906220984215,0.5,0.9999999999999999,0.7620308430599316,0,-0.27398641511201677,-0.6761006062215574,-0.6204755188147992,False,True,False,False,False,False
0,0.11764705882352944,3,0.875,0.5857032164042776,1.4820976440839213,0.75,0.3405051534313012,0.5675741879989395,0.3344969035447546,0.36400938347394035,0.27743214417357576,0.5,0.0,0.5292479108635098,0.5,0.7499999999999999,-0.3634418333412439,1,-0.20031705298228872,-0.6428306504011189,-0.6204755188147992,False,False,False,False,True,False
0,0.13725490196078433,3,1.0,0.5688722857383954,1.781940255259022,1.0,0.32899248169009465,0.8264922063370354,0.3575456801263252,0.36400938347394035,0.275775477243486,0.0,0.0,0.3860724233983287,0.5,0.3333333333333333,-0.7068063786839754,0,-0.048857502571963134,-0.5877124819849627,-0.6204755188147992,True,False,False,True,False,False
0,0.3529411764705882,1,0.5,0.3527658613682546,-0.48597253661618617,1.0,0.3928383456755508,-0.8176372101098729,0.3055613741097612,0.36400938347394035,0.5221812534168346,1.0,0.5,0.10584958217270195,0.5,0.6041666666666666,1.763510766976232,1,-1.2328939979461229,-0.9062507917839218,0.9202472164297006,True,False,False,False,False,True
0,0.5490196078431373,1,0.5,0.6274513023666332,0.4204231624553454,0.25,0.3397942710450387,0.32160207057774853,0.20697044890593277,0.36400938347394035,0.2587994973892448,0.0,0.0,0.3628597957288765,0.5,0.10416666666666667,-1.4603007976305251,0,0.3845305933641645,-0.1818431653365003,-0.6204755188147992,True,False,False,True,False,True
0,0.8431372549019608,1,0.75,0.6951790589180519,1.5880280357437038,0.75,0.510515650946431,-0.3515847771013004,0.3776223776223776,0.36400938347394035,0.3521298397456488,1.0,0.5,0.033426183844011144,0.5,0.20833333333333331,-1.5270661258916118,1,0.11446719825959353,-0.2826433673203274,0.9202472164297006,True,False,True,False,False,True
0,0.37254901960784315,1,0.625,0.5680774783280992,0.6126827594920836,0.75,0.3845381938978055,0.1533053586579863,0.27025569101305424,0.36400938347394035,0.3228937488357325,0.5,1.0,0.5654596100278552,0.5,0.20833333333333331,1.6109043023794625,1,-0.13224843979789794,-0.5541537081266809,2.013407393927571,False,False,False,False,True,False
1,0.9607843137254902,1,0.125,0.7562963115006465,-0.6916021204263524,0.25,0.033644463300806046,-1.5684994632903506,0.1446843090838427,0.36400938347394035,0.020158403616497348,1.0,1.0,0.20891364902506962,1.0,0.020833333333333332,-1.6605967824137853,1,-0.5402660421392802,-0.48895415713454576,-0.6204755188147992,False,True,False,False,False,False
0,0.8039215686274509,1,0.0,0.2589133602906463,-1.5322451185878345,0.0,0.5529407345038995,-3.562168204493688,0.47800586510263926,-2.74718192826914,0.6174823170587123,0.0,0.0,0.4163416898792944,0.5,0.3958333333333333,1.5441389741183758,0,-1.161191279329574,1.8502352952115737,-0.6204755188147992,False,False,False,True,False,False
0,0.5686274509803921,3,0.125,0.6039327572405015,-0.8927073115492595,0.0,0.6355536699193891,-2.280524013720114,0.2381707220416898,0.36400938347394035,0.5032518524928111,0.0,0.0,0.2885793871866295,0.5,0.6874999999999999,-0.4874345858261192,0,-1.5961119774538344,-0.8476228337993389,-0.6204755188147992,False,False,False,False,False,True
0,0.9019607843137255,3,0.0,0.00833350438227385,-1.6976157351329275,0.0,0.4316405372070162,-3.303250186155592,0.44538123167155425,-2.74718192826914,0.5828435988205928,0.0,0.0,0.35264623955431756,0.5,0.8333333333333333,-1.441224989555929,0,-0.3266960739807448,1.9591553103590105,-0.6204755188147992,False,False,False,True,False,False
0,0.4117647058823529,1,0.375,0.33033313491656224,-0.7912742204049561,0.5,0.32628950187754135,0.17919716049179588,0.16411570425073801,0.36400938347394035,0.46181774882993354,0.5,1.0,0.8105849582172703,1.0,0.0,0.7048034188361431,1,-0.24875078124811795,-0.6246680791193417,-0.6204755188147992,True,False,False,False,False,True
0,0.17647058823529416,2,0.625,0.3722982819844413,-0.16254618990659922,0.75,0.3389774819634695,-0.1832880651815382,0.3001836872804615,0.36400938347394035,0.4280965784889529,0.5,0.0,0.8997214484679666,0.0,0.9791666666666666,-0.7354200907958698,1,0.13090446237799278,-0.3053205681700252,2.013407393927571,False,False,False,False,False,False
0,0.4901960784313726,3,0.625,0.32980288320094137,-0.3308156688321515,0.75,0.4926698006581056,-0.09266675876320468,0.2915793883535819,0.36400938347394035,0.69786782538246,0.5,1.0,0.6072423398328691,1.0,0.5416666666666666,0.008536424113381895,1,0.5917565658655621,0.15237117636415792,-0.6204755188147992,True,False,True,False,True,False
1,0.9803921568627451,1,0.75,0.6530629000712542,1.3934656041056661,0.25,0.22805795456746603,0.7099790980848922,0.2765344446159386,0.36400938347394035,0.1666780383933835,0.5,1.0,0.052924791086350974,1.0,0.5208333333333333,-0.8403370352061489,1,-0.1770480626315691,-0.645525986282479,-0.6204755188147992,True,True,False,False,True,False
0,0.6274509803921569,3,0.25,0.6125125720971284,-0.46387887052959975,0.5,0.26624984999792406,0.7358708999187018,0.09257996317261136,0.36400938347394035,0.207444985368958,1.0,1.0,0.008356545961002786,1.0,0.5208333333333333,-0.19175956066987818,1,1.2554604976980823,0.8886276588701931,-0.6204755188147992,True,False,False,False,True,False
0,0.5294117647058824,2,0.625,0.48160539693617127,0.2702783464506098,0.5,0.47079376970365877,-0.5198814890210627,0.336412314341007,0.36400938347394035,0.4641821259825214,1.0,0.5,0.7409470752089137,0.5,0.14583333333333331,0.08483965641176668,1,0.1784805498311051,-0.182557589892507,0.9202472164297006,False,False,True,False,False,False
0,0.17647058823529416,3,0.875,0.48802828465280484,0.9664117003375958,0.75,0.4863973599140519,0.8135463054201305,0.3139505655634688,0.36400938347394035,0.4734737894045832,0.5,1.0,0.41225626740947074,1.0,0.5833333333333333,-0.6114273383109945,1,0.9151544003998425,0.31888350635841384,-0.6204755188147992,False,False,False,True,True,False
0,0.5490196078431373,3,0.625,0.5414793680767941,0.5073619416973509,0.5,0.5562972955538265,0.11446765590727194,0.27344059602124116,0.36400938347394035,0.4897156127462835,0.5,0.0,0.9916434540389972,0.5,0.3333333333333333,1.7158212467897414,1,-0.29995361762454253,-0.6442000806836782,-0.6204755188147992,True,False,False,True,True,False
0,0.8431372549019608,3,1.0,0.43018808541499887,0.9582163183741472,1.0,0.46295942837481574,0.29571026874393896,0.4106517831803992,0.36400938347394035,0.508933251304496,1.0,0.5,0.11142061281337047,0.5,0.6666666666666666,-0.13453213644608958,1,-1.2328939979461229,-0.9652404810842797,0.9202472164297006,True,False,False,False,False,False
0,0.33333333333333337,3,0.125,0.7031137749132782,-0.7617979375083208,0.25,0.4963088672040729,0.24392666507631983,0.05836352136162382,0.36400938347394035,0.3385091361251766,0.5,1.0,0.8217270194986073,0.5,0.0,-1.4030733734067367,1,1.3808618315485128,1.3424141633631768,2.013407393927571,True,True,False,False,True,False
0,0.8039215686274509,1,0.625,0.4507960617691933,0.14828229692528985,0.75,0.5082788719426103,0.8782758100046545,0.2206848126884474,0.36400938347394035,0.5341571219266203,1.0,1.0,0.5571030640668524,0.5,0.4791666666666667,-0.43020716160233063,1,0.7101568015859882,0.04213163265292583,2.013407393927571,True,False,False,True,False,False
0,0.0,2,1.0,0.5961785386034651,1.9441275416199655,1.0,0.4627237670137239,0.17919716049179588,0.4242456718075623,0.36400938347394035,0.37081962194832263,0.5,0.0,0.5682451253481895,0.0,0.49999999999999994,0.7048034188361431,1,-1.5961119774538344,-1.0190991375017393,2.013407393927571,True,False,False,False,True,False
1,0.43137254901960786,1,0.125,0.5840431864365031,-0.9189596260040752,0.25,0.7039456936784048,-0.9600421201958255,0.10305233158481683,0.36400938347394035,0.5759539384638717,0.5,0.0,0.8690807799442898,0.0,0.0,-0.16314584855798386,1,0.9418968567560452,1.1007188894889708,2.013407393927571,True,False,False,True,False,False
0,0.3137254901960784,3,0.5,0.5931566739875613,0.307259160930304,0.5,0.4126712293645588,0.23098076415941504,0.2127301572039806,0.36400938347394035,0.3322658916080708,1.0,0.5,0.06685236768802229,0.25,0.5208333333333333,-0.5541999140872059,1,0.23822306727982706,-0.29672071579546666,2.013407393927571,False,False,True,False,False,True
1,0.823529411764706,3,0.0,0.5260370697263901,-1.3559563568154036,0.0,0.4415698712893848,0.06268405223965279,0.00964126461254168,-2.74718192826914,0.436908977564156,1.0,0.5,0.20055710306406685,0.75,0.3125,1.0386300601415765,1,1.6294436545242046,2.0176982091238456,-0.6204755188147992,True,False,False,False,True,False
0,0.7058823529411765,3,0.25,0.2018377498169776,-1.2769555839049365,0.25,0.31274012517502164,0.7747086026694162,0.09139925798845572,0.36400938347394035,0.7007897944344423,0.5,0.0,0.43454038997214484,0.5,0.9999999999999999,-0.06776680818500289,1,1.4691711057439403,1.2926479482518993,-0.6204755188147992,True,False,False,False,True,False
0,0.5882352941176471,2,0.0,0.7364067406966481,-1.2171225225288163,0.0,0.4546608635485426,-0.07972085784629988,0.011740641404285067,-2.74718192826914,0.40010469736415655,1.0,0.5,0.17548746518105848,0.5,0.6666666666666666,1.7253591508270396,1,1.5951651650860819,2.0176982091238456,0.9202472164297006,True,False,False,False,False,True
0,0.47058823529411764,2,0.875,0.5742035961329255,1.421384087124951,1.0,0.39022104137007196,0.9430053145891784,0.3040078201368524,0.36400938347394035,0.32426568081611884,0.0,0.0,0.43101207056638813,0.5,0.5624999999999999,-0.08684261625959909,0,-0.8212422901725825,-0.9020362533579528,-0.6204755188147992,True,False,True,False,False,False
0,0.05882352941176472,1,0.375,0.3802315318458917,-0.6595520812106176,0.5,0.19990867043409108,-0.10561265968010947,0.18052533661274556,0.36400938347394035,0.247616089375073,1.0,0.5,0.38997214484679665,0.75,0.9166666666666666,-0.6305031463855907,1,-0.5402660421392802,-0.7344088558985569,-0.6204755188147992,True,False,False,False,True,False
1,1.0,3,1.0,0.5005325323681613,1.3760317915652391,1.0,0.42445340229608913,-0.4163142816858244,0.5087114024495429,0.36400938347394035,0.4031389037155715,0.5,0.0,0.20055710306406685,0.0,0.4791666666666667,1.6204422064167605,1,-1.161191279329574,-0.914989891418507,2.013407393927571,False,False,False,False,False,False
0,0.1568627450980392,2,0.875,0.5325873889037132,1.2016665739891874,1.0,0.4692239889900268,0.43811517882989165,0.3462877189135856,0.36400938347394035,0.419668482199579,0.5,1.0,0.6462395543175488,0.5,0.7291666666666666,0.6094243784631621,1,0.3209716195657513,-0.2637487814394038,2.013407393927571,True,False,True,False,False,True
0,0.5294117647058824,3,0.875,0.42407992774892744,0.6287890556152911,0.75,0.41341852142376706,0.7358708999187018,0.32019368478483257,0.36400938347394035,0.4607722964624865,1.0,1.0,0.18384401114206128,0.75,0.2708333333333333,0.9718647318804898,1,-0.29995361762454253,-0.7079096092779256,0.9202472164297006,False,False,False,True,True,False
0,0.5686274509803921,1,1.0,0.5154753678122383,1.464785746316504,0.5,0.5048291384107554,0.6840872962510827,0.37053648438847675,0.36400938347394035,0.4660817679459444,0.0,0.0,0.4445682451253482,0.5,0.9999999999999999,0.7429550349853354,0,-1.5961119774538344,-1.0308957254852837,-0.6204755188147992,True,False,True,False,False,False
1,0.9019607843137255,1,0.125,0.4613600443358853,-1.0808895367331086,0.25,0.4985150615188799,0.11446765590727194,0.0618213521439328,0.36400938347394035,0.5123307360357421,1.0,0.5,0.5877437325905293,0.5,0.08333333333333333,-0.372979737378542,1,0.193793841706119,-0.31214068193690875,0.9202472164297006,True,True,False,False,False,False
0,0.4509803921568628,2,1.0,0.3252119296373078,0.33470353094343946,0.75,0.4462157465036884,0.9430053145891784,0.3475073313782991,0.36400938347394035,0.6406046032992083,0.5,1.0,0.924791086350975,0.5,0.5416666666666666,1.77304867101353,1,0.29422916320954867,-0.3704550824880852,2.013407393927571,False,False,True,False,True,False
0,0.6274509803921569,1,0.0,0.5685666782979947,-1.3278888668513282,0.0,0.4284413884119551,-0.5198814890210627,0.019411827561233337,-2.74718192826914,0.39724522995265055,1.0,1.0,0.6100278551532033,1.0,0.2708333333333333,-0.5065103939007154,1,1.4800735416604147,2.0176982091238456,-0.6204755188147992,True,False,False,True,False,False
1,0.37254901960784315,2,0.875,0.28490937827131096,-0.10597773522996821,0.75,0.4616845964249494,0.32160207057774853,0.3575456801263252,0.36400938347394035,0.7507650741650083,0.5,1.0,0.5376044568245126,1.0,0.4791666666666667,-1.0978604442131974,1,-0.6899140534884558,-0.8280099681318028,-0.6204755188147992,False,False,False,False,True,False
0,0.1568627450980392,3,0.875,0.6259775446950882,1.6947305542992162,0.75,0.2735271188151966,0.968897116422988,0.3020851898057387,0.36400938347394035,0.20863091805435982,0.0,0.0,0.37307335190343555,0.5,0.9374999999999999,1.6299801104540586,0,-2.4747444723267105,-1.0983100620374606,-0.6204755188147992,False,False,False,False,False,True
0,0.13725490196078433,2,0.75,0.6243354748660686,1.2607546006413575,1.0,0.1629439144847008,-0.4292601826027292,0.3875816842542776,0.36400938347394035,0.12423883549103615,0.5,0.0,0.6713091922005572,0.0,0.5624999999999999,-0.6877305706093793,1,-2.217037214644128,-1.0701105503207697,2.013407393927571,False,False,True,False,False,False
0,0.4509803921568628,1,0.625,0.6432808555183809,0.910466365611905,0.5,0.4247413306541744,0.08857585407346236,0.2755999760608055,0.36400938347394035,0.3159279485129356,0.0,0.0,0.4066852367688022,0.5,0.14583333333333331,1.6204422064167605,0,-0.8212422901725825,-0.853974296975477,-0.6204755188147992,False,True,False,False,True,False
0,0.2549019607843137,3,1.0,0.7444369182910614,2.8247179470710515,0.75,0.3210742434207355,0.4640069806637012,0.39235357671390825,0.36400938347394035,0.20659808199071064,0.5,0.0,0.011142061281337047,0.5,0.7083333333333333,1.4201462216335003,1,-0.5754001829112309,-0.7983569865725052,-0.6204755188147992,False,False,True,False,False,True
0,0.33333333333333337,1,0.625,0.4040210184938114,-0.0369333354486498,0.75,0.39403050753770097,0.6581954944172731,0.23399677245831094,0.36400938347394035,0.4600876034392479,1.0,0.5,0.26740947075208915,0.75,0.9583333333333333,0.13252917659825716,1,-1.3108392906787496,-0.9910995438008503,-0.6204755188147992,False,True,False,False,True,False
0,0.0,3,0.5,0.5769617602988567,0.25381985209426267,0.75,0.6064403562234769,0.476952881580606,0.19767568154664927,0.36400938347394035,0.501993032475472,1.0,1.0,0.025069637883008356,1.0,0.7083333333333333,0.19929450485934386,1,-2.0171439359679733,-1.067670850779707,-0.6204755188147992,True,False,True,False,False,True
0,0.21568627450980393,3,0.0,0.05346989880744679,-1.6678278922608225,0.0,0.35552590712269677,-1.2577978412846356,0.03843185676801975,-2.74718192826914,0.49453401761559757,1.0,0.5,0.12256267409470752,0.5,0.4583333333333333,-1.0692467321013033,1,1.2461291033159514,2.0166602009966583,0.9202472164297006,False,True,False,False,False,True
0,0.5490196078431373,3,0.125,0.2539974137400192,-1.3545882021405138,0.25,0.5114764531183709,-0.5846109936055867,0.08543176365090521,0.36400938347394035,0.9256937591645007,0.5,0.0,0.8774373259052926,0.0,0.24999999999999997,0.5426590502020754,1,1.4432039032314141,1.972091857402702,2.013407393927571,True,True,False,False,True,False
0,0.7058823529411765,3,1.0,0.4687630424817148,1.1873348151175698,0.75,0.3421958693792178,0.5934659898327491,0.3792502179598954,0.36400938347394035,0.34626086668361433,0.0,0.0,0.38514391829155054,0.5,0.9583333333333333,-1.641520974339189,0,-0.6899140534884558,-0.8460214274722153,-0.6204755188147992,True,False,False,False,True,False
0,0.4901960784313726,1,0.0,0.2532892711262546,-1.5359567461216939,0.0,0.4358167695581543,-0.2998011734336813,0.015329245534524132,-2.74718192826914,0.5613637512263605,0.5,0.0,0.6768802228412256,0.5,0.3333333333333333,-0.5351241060126097,1,1.5394664308888164,2.0176982091238456,-0.6204755188147992,False,True,False,False,False,True
0,0.6274509803921569,2,0.375,0.5668219791046614,-0.16698930607851847,0.75,0.5023444248333078,0.6581954944172731,0.14133509170730013,0.36400938347394035,0.4229364303923722,0.5,1.0,0.5793871866295265,0.5,0.6249999999999999,1.2198502368502404,1,-0.15436822439709186,-0.6281322434035553,2.013407393927571,False,False,False,False,False,True
0,0.823529411764706,3,0.875,0.5870143065333854,1.4890196939737104,0.75,0.4353885706314596,1.0077348191737023,0.2992407504117623,0.36400938347394035,0.3541796149322326,1.0,0.5,0.6044568245125349,0.75,0.18749999999999997,0.5331211461647772,1,-1.5961119774538344,-1.0371477353270147,-0.6204755188147992,False,False,True,False,True,False
0,0.27450980392156865,1,0.375,0.6642172458383792,0.09011540411363932,0.5,0.6233507679495939,0.606411890749654,0.14355453316241418,0.36400938347394035,0.44981511918043804,1.0,0.5,0.31754874651810583,0.5,0.7291666666666666,-0.4492829696769268,1,-0.3266960739807448,-0.7084482805122071,0.9202472164297006,True,False,True,False,False,True
0,0.43137254901960786,1,0.875,0.3858043063281265,0.4267085463083042,0.75,0.4605904075750682,0.7617627017525114,0.3180885867814825,0.36400938347394035,0.5620370818261204,0.5,1.0,0.233983286908078,0.5,0.5833333333333333,-0.17268375259528196,1,0.7599365943582191,0.12881410543763033,2.013407393927571,False,False,True,False,True,False
0,0.5490196078431373,1,0.625,0.381049145781591,-0.1278953021999847,0.75,0.4846717644760037,0.7617627017525114,0.22756937263743152,0.36400938347394035,0.5984483406226335,0.0,0.0,0.3491179201485608,0.5,0.3125,0.24698402504583436,0,0.5519364208921318,-0.10599775400533255,-0.6204755188147992,False,False,True,False,False,False
1,0.3921568627450981,2,0.375,0.5379933906689381,-0.2430912166085261,0.5,0.43413750243215155,-1.3354732467860644,0.2964426877470355,0.36400938347394035,0.3844563213596748,0.5,1.0,0.8662952646239555,1.0,0.6666666666666666,-0.11545632837149337,1,0.027427352687197346,-0.07433621905069683,-0.6204755188147992,True,False,True,False,False,True
0,0.3529411764705882,1,1.0,0.5425467134656567,1.6255777858307778,0.75,0.40710063587091627,0.5157905843313204,0.38701606177190667,0.36400938347394035,0.35753589084055054,0.5,1.0,0.11977715877437325,1.0,0.2708333333333333,1.2103123328129421,1,-0.8696760184384118,-0.893521352594951,-0.6204755188147992,False,False,False,False,False,False
0,0.07843137254901966,1,0.375,0.39068946406945954,-0.6319451581668021,0.25,0.5354529514165159,0.6193577916665587,0.14299470389985555,0.36400938347394035,0.6455145429967455,1.0,0.5,0.6880222841225627,0.5,0.12499999999999999,-0.43974506563962873,1,0.5416985293388166,-0.08701595099961368,0.9202472164297006,True,False,True,False,True,False
0,0.43137254901960786,2,0.125,0.3279726595373467,-1.2569480150454098,0.25,0.07605006364022056,0.36043977332846294,0.05543918447144253,0.36400938347394035,0.1091452355482353,1.0,0.5,0.11977715877437325,0.5,0.6666666666666666,-1.6510588783764872,1,1.6885942298189258,1.999708291055959,0.9202472164297006,False,True,False,False,False,True
1,0.6862745098039217,1,0.375,0.6666187729633203,0.09645497231015837,0.5,0.5052982692588027,0.7876545035863209,0.13600970775609264,0.36400938347394035,0.36314526757910653,0.0,0.0,0.5524605385329618,0.5,0.04166666666666667,-0.468358777751523,0,1.4008137868277308,1.1471103160497698,-0.6204755188147992,True,False,False,True,False,False
0,0.37254901960784315,1,0.375,0.3766035838174018,-0.6691291639348461,0.75,0.2748715145526702,0.5157905843313204,0.14756921090155775,0.36400938347394035,0.3434356497598029,0.5,1.0,0.7660167130919221,1.0,0.5208333333333333,-1.040633019989409,1,1.1096020345826898,0.7111818191284583,-0.6204755188147992,False,False,False,False,False,True
0,0.13725490196078433,2,0.0,0.07742359243826843,-1.6520196100271949,0.0,0.3985380739103303,-3.6398436099951166,0.47800586510263926,-2.74718192826914,0.5603669431455557,1.0,0.0,0.07799442896935933,0.25,0.7916666666666666,-1.1073983482504957,1,-1.7157301681687591,1.6915961876598105,0.9202472164297006,True,True,False,False,False,True
1,0.1568627450980392,2,0.875,0.4384890904985734,0.7048638739735185,1.0,0.6002870300950752,0.7488168008356065,0.319138084916486,0.36400938347394035,0.6478784381409237,0.0,0.0,0.44289693593314766,0.5,0.08333333333333333,-0.43974506563962873,0,-0.24875078124811795,-0.6851244358196967,-0.6204755188147992,False,False,False,True,True,False
1,0.2549019607843137,2,0.25,0.3376437666345094,-1.0080793250743705,0.25,0.12688342497203703,0.45106107974679643,0.10191071200888874,0.36400938347394035,0.17643751573478594,0.0,0.0,0.419870009285051,0.5,0.4583333333333333,0.8860235955448069,0,0.866343570145512,0.35411689101748756,-0.6204755188147992,False,False,False,True,True,False
0,0.09803921568627455,3,0.0,0.558611629959564,-1.334458718507977,0.0,0.5313753851746663,-3.147899375152735,0.3119168221807518,-2.74718192826914,0.5324999054050081,0.0,0.0,0.437883008356546,0.5,0.6666666666666666,1.3152292772232212,0,-0.048857502571963134,1.9777722993892266,-0.6204755188147992,True,False,False,False,False,False
0,0.0,2,0.75,0.5634498714200679,0.9794836732214438,0.5,0.36816093841509717,0.606411890749654,0.28421163538026584,0.36400938347394035,0.31158864783259893,0.0,0.0,0.24048282265552462,0.5,0.6041666666666666,-0.14407004048338767,0,0.16290092652542276,-0.42040308877600485,-0.6204755188147992,False,True,False,False,False,False
0,0.1568627450980392,3,0.75,0.4295009573853556,0.36068492368045496,0.5,0.16980046178978775,0.6970331971679874,0.27747439392506085,0.36400938347394035,0.1869915645540168,0.5,1.0,0.5264623955431755,1.0,0.6666666666666666,-0.563737818124504,1,-0.9751867402635405,-0.9281062307626006,-0.6204755188147992,False,False,False,True,False,False
0,0.2941176470588236,3,0.875,0.4829814856626777,0.93976654939197,0.75,0.43938239219620207,0.7099790980848922,0.3223234038174615,0.36400938347394035,0.4320004697438222,0.5,1.0,0.947075208913649,1.0,0.8749999999999999,-1.441224989555929,1,0.5519364208921318,-0.09538002433499441,-0.6204755188147992,True,False,False,True,False,True
0,0.2941176470588236,2,0.875,0.5819290215316406,1.4621713517397346,0.75,0.4989218140649967,-0.5846109936055867,0.473691863987785,0.36400938347394035,0.4094306900659897,1.0,0.5,0.4289693593314763,0.5,0.49999999999999994,-0.048691000110406696,1,-1.5961119774538344,-0.9941568050550516,0.9202472164297006,True,False,False,False,True,False
1,0.21568627450980393,3,0.125,0.678041421211437,-0.7948910253375855,0.25,0.2878022910479423,-1.9827682926313037,0.18974044732349982,0.36400938347394035,0.20295768384031565,1.0,0.5,0.3426183844011142,0.5,0.4375,-0.15360794452068577,1,-0.9751867402635405,-0.6442000806836782,0.9202472164297006,False,False,True,False,True,False
1,0.07843137254901966,1,0.25,0.572213441709942,-0.5436653164216866,0.25,0.4014299131127001,-1.9309846889636846,0.2964426877470355,0.36400938347394035,0.3347321118905058,1.0,0.0,0.6128133704735377,0.0,0.0,0.5712727623139697,1,-0.5064580389307003,-0.3435804756015667,2.013407393927571,True,False,False,True,True,False
0,0.7647058823529412,1,1.0,0.5096756684022432,1.4303380498982396,0.75,0.3066165147482584,0.5157905843313204,0.38701606177190667,0.36400938347394035,0.2860372333855281,0.0,0.0,0.4404828226555246,0.5,0.18749999999999997,0.5426590502020754,0,-0.9751867402635405,-0.9199585969417022,-0.6204755188147992,False,False,False,False,True,False
0,0.5490196078431373,2,0.625,0.5539659407349631,0.5568051551958431,0.75,0.4919235176691645,0.5157905843313204,0.24334795124969735,0.36400938347394035,0.42349371142788766,0.5,1.0,0.2757660167130919,1.0,0.4583333333333333,-0.9071023634672355,1,-0.2242066223397858,-0.6497488223348197,-0.6204755188147992,False,False,False,False,True,False
0,0.8823529411764707,3,0.125,0.5631786366715245,-0.9464988186184405,0.25,0.0659949087823504,-0.804691309192968,0.09521016617790812,0.36400938347394035,0.05532872108238629,0.5,1.0,0.41225626740947074,1.0,0.6666666666666666,0.32328725734421915,1,-1.8538192351364167,-1.023789786815336,-0.6204755188147992,True,True,False,False,False,True
0,0.5098039215686275,1,0.875,0.5725307374946119,1.4125520391246724,0.75,0.432468803041289,1.0077348191737023,0.2992407504117623,0.36400938347394035,0.36047397330597664,0.0,0.0,0.39907149489322197,0.5,0.7916666666666666,1.0386300601415765,0,-0.1770480626315691,-0.6741159334478382,-0.6204755188147992,True,False,False,False,True,False
0,0.1960784313725491,3,0.375,0.6333052813070876,0.008513782712292995,0.5,0.4790426784093126,1.0077348191737023,0.12762624030852046,0.36400938347394035,0.36193210950561644,1.0,0.5,0.16155988857938716,0.5,0.5624999999999999,-0.4492829696769268,1,0.1784805498311051,-0.4651392055959803,0.9202472164297006,False,False,False,False,False,True
1,0.9019607843137255,3,0.125,0.60549272357807,-0.8906483064939799,0.25,0.24306321595248195,0.24392666507631983,0.05836352136162382,0.36400938347394035,0.1914636061019965,1.0,0.5,0.7242339832869081,0.75,0.8749999999999999,-0.3443660252666477,1,1.2319471855783704,1.0397494972082004,-0.6204755188147992,True,False,True,False,False,False
0,0.9607843137254902,1,0.75,0.4624655092029216,0.5129700212558101,1.0,0.31465045201309644,0.3863315751622725,0.30181226120983934,0.36400938347394035,0.32256861305247014,1.0,1.0,0.298050139275766,0.75,0.14583333333333331,-0.5255862019753116,1,-0.9751867402635405,-0.9137095329083247,0.9202472164297006,False,False,False,True,True,False
1,0.5294117647058824,2,1.0,0.615525314102871,2.0590389882248163,0.75,0.45648856419990025,0.6581954944172731,0.372989293584827,0.36400938347394035,0.3545818262201033,0.5,1.0,0.9387186629526463,0.5,0.5416666666666666,-1.0883225401758994,1,-0.9751867402635405,-0.9264157614993415,2.013407393927571,True,True,False,False,False,False
0,1.0,3,0.25,0.32779134766039253,-1.0275856887559673,0.25,0.3867167489068797,0.8782758100046545,0.088348271446863,0.36400938347394035,0.5511835586527729,0.0,0.0,0.42748375116063136,0.5,0.08333333333333333,1.2484639489621348,0,0.408743033786774,-0.26453690205242353,-0.6204755188147992,False,False,False,False,True,False
0,0.6862745098039217,1,0.875,0.49759334140684325,1.0169115085355074,0.75,0.4694033476541722,0.21803486324251026,0.36811236301898437,0.36400938347394035,0.44842040202126865,1.0,0.5,0.26740947075208915,0.25,0.2916666666666667,-1.6796725904883814,1,0.7916498445417169,0.3207080800512849,2.013407393927571,False,True,False,False,False,True
1,0.8039215686274509,2,1.0,0.6008470343534692,1.9718563794367907,0.75,0.3807072628961871,0.8782758100046545,0.35302135393003176,0.36400938347394035,0.30263379678089264,0.5,0.0,0.7910863509749304,0.0,0.9791666666666666,-0.4778966817888211,1,-0.5754001829112309,-0.826633444384057,2.013407393927571,False,False,False,True,False,False
0,0.3529411764705882,3,0.75,0.5960713479340709,1.130183878747669,0.75,0.4278089068478261,-0.027937254178680735,0.34063898749807064,0.36400938347394035,0.34283883395886017,1.0,0.5,0.26740947075208915,0.5,0.4375,-0.954791883653726,1,-0.27398641511201677,-0.6125121948249914,0.9202472164297006,False,False,False,False,True,False
0,0.6666666666666666,3,1.0,0.3276476665503534,0.34917075067395714,0.75,0.35361615525021484,0.12741355682417674,0.43055185283924285,0.36400938347394035,0.5043015245864826,0.5,0.0,0.17548746518105848,0.5,0.7083333333333333,1.5918284943048662,1,0.06326436188316856,-0.4179841406407279,-0.6204755188147992,False,False,False,False,False,False
0,1.0,3,0.625,0.4677846425419241,0.21555215945501893,1.0,0.4168981581020306,0.5157905843313204,0.24334795124969735,0.36400938347394035,0.42274488175777686,0.5,0.0,0.2646239554317549,0.5,0.6041666666666666,-0.32529021719205153,1,0.4552888672327596,-0.15319854240620903,-0.6204755188147992,False,True,False,False,True,False
1,0.5882352941176471,3,0.0,0.1585007902461052,-1.5985125707617038,0.0,0.42545420791025934,-0.37747657893511005,0.01670872263520426,-2.74718192826914,0.5933795124247435,0.0,0.0,0.4642525533890437,0.5,0.9791666666666666,-0.7258821867585716,0,1.5189508985161704,2.0176982091238456,-0.6204755188147992,False,False,True,False,False,True
0,0.8431372549019608,2,0.0,0.3593259303351875,-1.4659776664139652,0.0,0.4371461605952413,0.3992774760791773,0.005256459912576776,-2.74718192826914,0.46103126796101385,0.0,0.0,0.4336118848653667,0.5,0.8958333333333333,-1.6987483985629777,0,1.705603710986777,2.0176982091238456,-0.6204755188147992,True,False,False,True,False,True
0,0.3529411764705882,3,0.5,0.6336788521931896,0.4409725747504721,0.75,0.5002541362564308,0.8264922063370354,0.17908614682808233,0.36400938347394035,0.3777818173722247,1.0,0.0,0.31197771587743733,0.5,0.6666666666666666,1.067243772253471,1,1.3604553509454897,1.0524928858049967,-0.6204755188147992,True,False,False,True,False,True
0,0.8823529411764707,1,0.75,0.419106068914152,0.3126640492004131,0.75,0.4854494752049771,0.14035945774108152,0.32385994607254615,0.36400938347394035,0.5471979311470503,0.5,1.0,0.49025069637883006,1.0,0.6041666666666666,-0.5732757221618021,1,-0.8212422901725825,-0.8574739701796056,-0.6204755188147992,True,False,False,True,True,False
0,0.4509803921568628,1,0.0,0.7078141997988464,-1.2359922201735831,0.0,0.43994282495898385,-1.4649322559551123,0.046010718980685615,-2.74718192826914,0.3775990083415748,0.5,1.0,0.9025069637883009,1.0,0.7291666666666666,0.17068079274744957,1,1.1677573379447261,2.015568880075496,-0.6204755188147992,False,False,False,False,True,False
0,0.019607843137254943,1,0.5,0.5719575524949199,0.2373071733943553,0.75,0.45748886990059096,0.29571026874393896,0.20858953741367894,0.36400938347394035,0.3817422523138992,1.0,0.0,0.6880222841225627,0.25,0.3125,0.7048034188361431,1,0.16290092652542276,-0.37042076055174533,0.9202472164297006,True,False,False,False,True,False
0,0.11764705882352944,2,0.25,0.5776185882304644,-0.5329639085685884,0.25,0.48401552591359076,-1.3872568504536835,0.21700879765395895,0.36400938347394035,0.4000626495252119,0.0,0.0,0.3955431754874652,0.5,0.7708333333333333,-1.2027773886234765,0,0.3077001803777536,0.29038813252881385,-0.6204755188147992,True,False,False,False,False,True
0,0.823529411764706,1,0.25,0.8575162325444555,0.02119291910533078,0.25,0.29995375530363083,0.24392666507631983,0.10953941693979646,0.36400938347394035,0.1676607117354306,1.0,0.5,0.233983286908078,0.5,0.4583333333333333,-0.7258821867585716,1,0.4438771745587247,-0.10565648330285632,0.9202472164297006,True,True,False,False,True,False
1,0.9411764705882354,3,0.5,0.4948500584987375,-0.017128957877473195,0.5,0.3249913643616895,-0.5198814890210627,0.27301221698505224,0.36400938347394035,0.31202401172606753,0.0,0.0,0.327205199628598,0.5,0.7499999999999999,1.4201462216335003,0,0.08065919505101363,-0.27290214883072983,-0.6204755188147992,True,False,False,True,True,False
0,0.5882352941176471,3,0.875,0.5290902933147232,1.18320325892112,1.0,0.5107870475071419,0.8653299090877496,0.3099060589492519,0.36400938347394035,0.45981870597228985,1.0,1.0,0.403899721448468,0.75,0.7499999999999999,1.7253591508270396,1,0.408743033786774,-0.26233309750597983,0.9202472164297006,False,False,False,True,False,True
0,0.3137254901960784,1,0.125,0.5899341119481106,-0.9111841727032163,0.25,0.26974968179889697,-2.83719775314702,0.4165947904088321,0.36400938347394035,0.2180790847348485,0.5,0.0,0.6545961002785515,0.0,0.5624999999999999,-1.5556798380035062,1,-0.5064580389307003,0.33076303235715276,2.013407393927571,False,False,False,True,False,False
1,0.5098039215686275,2,0.75,0.4991569730788516,0.6824721939973525,1.0,0.39287963652161,0.10152175499036716,0.3276007753864506,0.36400938347394035,0.37411967273743674,0.5,1.0,0.9108635097493036,1.0,0.2708333333333333,-0.8594128432807451,1,-1.3108392906787496,-0.9722112634315256,-0.6204755188147992,True,False,True,False,False,False
0,0.6862745098039217,2,0.5,0.525647078141998,0.08449377846929011,0.25,0.46903878035503915,0.8394381072539401,0.17845241268994935,0.36400938347394035,0.42487745750211064,0.0,0.0,0.34391829155060355,0.5,0.0625,0.8860235955448069,0,-0.29995361762454253,-0.7169151711011259,-0.6204755188147992,False,False,False,False,False,False
0,0.9607843137254902,3,0.75,0.262968686314814,-0.40863793227018885,0.5,0.40747410069368617,0.8782758100046545,0.2647969931023089,0.36400938347394035,0.7144136743624345,0.5,0.0,0.5487465181058496,0.5,0.7916666666666666,-0.764033802907764,1,0.5519364208921318,-0.12910074662045862,-0.6204755188147992,False,False,False,True,False,True
0,0.823529411764706,3,1.0,0.38322488830504176,0.6792753177273129,0.5,0.3341644138754506,0.42516927791298686,0.39644428152492667,0.36400938347394035,0.41050744158932595,1.0,0.5,0.09749303621169916,0.5,0.6666666666666666,-1.145549964399688,1,0.5819662415263822,0.0005536108704081497,0.9202472164297006,False,False,False,True,False,True
0,0.17647058823529416,1,0.75,0.4097345418185336,0.2693707586959798,0.75,0.36703096086593867,0.722924999001797,0.2755999760608055,0.36400938347394035,0.42284096782781516,0.0,0.0,0.43045496750232126,0.5,0.6249999999999999,-0.6305031463855907,0,-0.11066171428046011,-0.6112731213211066,-0.6204755188147992,False,False,False,False,False,True
0,0.8627450980392156,2,0.25,0.33673378627092776,-1.0098809544977403,0.5,0.21326358284231597,-0.45515198443653876,0.14243820695433596,0.36400938347394035,0.29670736290133676,1.0,1.0,0.04456824512534819,1.0,0.24999999999999997,-0.372979737378542,1,-0.4120754820796742,-0.6298442890634145,-0.6204755188147992,False,False,False,False,True,False
0,0.2549019607843137,1,0.875,0.5992913442394138,1.5538377149573497,1.0,0.4395140079288315,0.34749387241155816,0.3549881390440256,0.36400938347394035,0.3503935797106633,1.0,0.5,0.3203342618384401,0.5,0.7291666666666666,-0.33482812122934963,1,1.3094953132588445,1.147260945214315,0.9202472164297006,True,False,False,True,False,False
0,0.11764705882352944,3,0.5,0.5387590057267184,0.1277599768019431,0.5,0.48340736760921527,0.8782758100046545,0.17657263227458594,0.36400938347394035,0.42756059714478417,1.0,0.5,0.1894150417827298,0.25,0.18749999999999997,1.677669630640549,1,-1.161191279329574,-0.972545210717606,2.013407393927571,False,True,False,False,False,False
0,0.7450980392156864,3,0.0,0.2856790985036638,-1.5145810225872773,0.0,0.48528177855750726,-3.199682978820354,0.3475073313782991,-2.74718192826914,0.6132128516897883,1.0,0.5,0.04456824512534819,0.75,0.9583333333333333,0.03715013622527619,1,-0.13224843979789794,1.9727849742730128,-0.6204755188147992,True,True,False,False,True,False
0,0.7647058823529412,1,0.125,0.21990393891500234,-1.3995882994670865,0.25,0.0635341535850657,-0.37747657893511005,0.07740571506512992,0.36400938347394035,0.1338989981958415,0.5,1.0,0.6963788300835655,1.0,0.6249999999999999,0.3900525856053058,1,-0.6119687607558291,-0.736424009141761,-0.6204755188147992,False,True,False,False,False,True
0,0.1568627450980392,2,0.75,0.5178032624408782,0.7686117541718482,0.75,0.32934583392162003,0.29571026874393896,0.309620660297039,0.36400938347394035,0.3025818715535378,0.0,0.0,0.4425255338904364,0.5,0.5208333333333333,-1.5556798380035062,0,-0.3266960739807448,-0.6779538080552,-0.6204755188147992,True,True,False,False,False,False
1,0.2549019607843137,3,0.5,0.5145548964469714,0.04789225439451645,0.5,0.5402430580033881,-0.8305831110267776,0.30712886130215794,0.36400938347394035,0.49967333372195494,0.0,0.0,0.4113277623026927,0.5,0.2708333333333333,-1.431687085518631,0,0.5313422780363093,0.339515642837445,-0.6204755188147992,True,False,True,False,False,False
0,0.13725490196078433,3,0.0,0.0644307149161518,-1.6605942823955635,0.0,0.3227656881322795,-0.9212044174451112,0.028510915607689806,-2.74718192826914,0.4427566513316977,1.0,0.5,0.25348189415041783,0.75,0.0625,-1.2027773886234765,1,1.3604553509454897,2.0176982091238456,-0.6204755188147992,False,True,False,False,False,False
0,0.3137254901960784,2,0.0,0.982470904575217,-1.0547320448795228,0.0,0.3816919311940604,0.6193577916665587,0.002757473628922834,-2.74718192826914,0.28181530400345417,0.5,1.0,0.4596100278551532,0.5,0.6666666666666666,1.0481679641788746,1,1.752113997290421,2.0176982091238456,2.013407393927571,True,False,False,True,True,False
0,0.43137254901960786,3,0.25,0.352080297214639,-0.9794970838464752,0.5,0.5385458303074784,-0.37747657893511005,0.1381027074950556,0.36400938347394035,0.7169164675536208,1.0,0.5,0.07520891364902507,0.75,0.9583333333333333,-0.7068063786839754,1,0.837209107667216,0.607858784939651,-0.6204755188147992,False,False,False,True,False,True
0,0.2941176470588236,2,0.875,0.4156001765225066,0.5840192417488486,0.75,0.38573314890724203,0.9818430173398928,0.3011318193936162,0.36400938347394035,0.43835131904975744,0.0,0.0,0.5064066852367688,0.5,0.24999999999999997,-0.7258821867585716,0,-0.13224843979789794,-0.6491997438799028,-0.6204755188147992,True,False,False,True,False,True
0,0.4901960784313726,2,0.75,0.6047537921550113,1.1702938390679527,0.75,0.3123689783422985,0.8394381072539401,0.2674286856838176,0.36400938347394035,0.2465910271050039,0.5,1.0,0.7381615598885795,0.5,0.9791666666666666,0.7334171309480374,1,-0.5064580389307003,-0.8001341016782197,2.013407393927571,True,True,False,False,False,True
0,0.1568627450980392,3,0.75,0.382643321907264,0.14421847115829053,0.5,0.5859165632547837,0.43811517882989165,0.2975032203250472,0.36400938347394035,0.7204894394615105,1.0,0.0,0.5153203342618384,0.25,0.8333333333333333,1.2961534691486252,1,-0.13224843979789794,-0.5908517249255724,0.9202472164297006,False,False,False,False,True,False
0,0.6862745098039217,1,0.875,0.4726621030809334,0.8852841919423989,0.75,0.6319875739956509,0.8264922063370354,0.3129307968017645,0.36400938347394035,0.634571630658312,1.0,0.5,0.17827298050139276,0.75,0.6874999999999999,1.3056913731859232,1,-0.5402660421392802,-0.8112935336161969,-0.6204755188147992,True,False,False,True,True,False
1,0.11764705882352944,3,0.875,0.6368049426301854,1.7518950367550072,0.75,0.46297450107806076,-0.15739626334772863,0.41157024793388425,0.36400938347394035,0.347880484064696,0.5,0.0,0.11420612813370473,0.0,0.8749999999999999,-1.0883225401758994,1,-2.8379624518344215,-1.1068491399984546,2.013407393927571,False,True,False,False,False,False
0,0.33333333333333337,3,0.0,0.826679529546994,-1.157546836784606,0.0,0.4062226470644415,-2.5006043293074955,0.12260560304486182,-2.74718192826914,0.359752669687543,0.5,1.0,0.19220055710306405,1.0,0.7083333333333333,0.15160498467285335,1,0.62050146288416,2.004583657836871,-0.6204755188147992,True,False,True,False,False,False
0,0.13725490196078433,3,0.5,0.43787434060633423,-0.20513508394475202,0.75,0.27146501770680764,0.36043977332846294,0.20458036587068845,0.36400938347394035,0.29338644493043947,0.0,0.0,0.43584029712163425,0.5,0.5624999999999999,0.2660598331204305,0,0.8591483044701209,0.3716278051480995,-0.6204755188147992,False,False,True,False,False,True
0,0.3921568627450981,3,0.125,0.37758369424659777,-1.1914662358531605,0.0,0.6335808230801866,-3.199682978820354,0.7390029325513197,0.36400938347394035,0.789016890804423,0.0,0.0,0.39777158774373256,0.5,0.6249999999999999,-1.4603007976305251,0,-0.6500939085150256,0.8300097101899001,-0.6204755188147992,True,False,False,True,False,False
0,0.4901960784313726,1,0.5,0.3914119747942281,-0.35844968404774696,0.75,0.5265824964374302,0.42516927791298686,0.20069648093841644,0.36400938347394035,0.6337068309397436,1.0,0.5,0.016713091922005572,0.75,0.6041666666666666,0.3805146815680077,1,0.3077001803777536,-0.2730442819312765,-0.6204755188147992,True,False,False,False,True,False
0,0.03921568627450983,1,0.625,0.49882318328920267,0.33845579673496884,0.75,0.5673190896952905,0.8264922063370354,0.22370103015264312,0.36400938347394035,0.5407416542855503,1.0,0.5,0.10306406685236769,0.75,0.6458333333333333,-0.9452539796164279,1,0.7679707805924156,0.12307221696187026,-0.6204755188147992,False,False,True,False,False,False
0,0.3137254901960784,1,0.0,0.32818818120240556,-1.486527078709092,0.0,0.4442533606197025,-3.691627213662736,0.47800586510263926,-2.74718192826914,0.49722764081058934,0.0,0.0,0.3095636025998143,0.5,0.24999999999999997,-1.4126112774440347,0,-2.4747444723267105,1.1995281093941352,-0.6204755188147992,False,True,False,False,False,True
0,0.9803921568627451,2,0.75,0.4082977307181416,0.2627331766098811,0.75,0.3186479443493691,0.9818430173398928,0.25799180824507406,0.36400938347394035,0.36837110009312335,0.0,0.0,0.3821727019498607,0.5,0.8333333333333333,-0.6114273383109945,0,-0.5402660421392802,-0.8212452290753661,-0.6204755188147992,True,True,False,False,False,False
0,0.8823529411764707,1,0.5,0.5795069685338369,0.2622184253460613,0.5,0.5816856292430306,-0.5716650926886818,0.2782303319937728,0.36400938347394035,0.47941495135831846,1.0,0.0,0.6211699164345404,0.25,0.6874999999999999,0.5331211461647772,1,0.5819662415263822,0.3044001371006466,0.9202472164297006,False,False,True,False,False,False
1,0.4509803921568628,2,0.5,0.6070034278207681,0.3529501086372665,1.0,0.27601180203789333,-0.4939896871872531,0.2704660283362187,0.36400938347394035,0.21699981367816187,0.0,0.0,0.36471680594243266,0.5,0.14583333333333331,-0.6114273383109945,0,-0.9751867402635405,-0.8583347191272879,-0.6204755188147992,True,False,False,True,False,True
0,0.47058823529411764,3,0.125,0.35392762577228587,-1.2226899638296054,0.25,0.6413661434026304,-1.6850125715424937,0.15549993462465211,0.36400938347394035,0.8494193728170407,1.0,0.5,0.22284122562674094,0.5,0.8541666666666666,-0.06776680818500289,1,0.9549745453732735,1.7158832691444417,0.9202472164297006,True,False,False,True,False,False
0,0.07843137254901966,1,0.875,0.5806461544777192,1.4553983087947355,0.5,0.41610853600967307,0.4640069806637012,0.34387114932406054,0.36400938347394035,0.3420828226838019,0.5,0.0,0.5431754874651811,0.0,0.49999999999999994,-0.9929434998029184,1,-0.5754001829112309,-0.7983569865725052,2.013407393927571,True,False,True,False,True,False
0,0.7058823529411765,1,0.0,0.6911882427800242,-1.2469645497444815,0.0,0.47525577702549243,-1.7109043733763032,0.05704285308863873,-2.74718192826914,0.4393565614798901,0.0,0.0,0.411142061281337,0.5,0.6666666666666666,0.7334171309480374,0,1.0648024117490185,2.013981712524849,-0.6204755188147992,False,True,False,False,True,False
0,0.8627450980392156,1,0.125,0.46519838256121837,-1.0758233006102493,0.25,0.9163767501060672,-2.461766626556781,0.2788947002448831,0.36400938347394035,0.9344214298020981,0.0,0.0,0.30380687093779013,0.5,0.18749999999999997,-0.06776680818500289,0,-1.7157301681687591,-0.8530849284127039,-0.6204755188147992,False,False,False,False,True,False
0,0.9607843137254902,1,0.25,0.3669957648282326,-0.9499666166062801,0.5,0.6273676312021715,-0.5846109936055867,0.15014178037371853,0.36400938347394035,0.8027395325657811,1.0,1.0,0.42618384401114207,0.75,0.8124999999999999,-1.622445166264593,1,-1.033000719269968,-0.8685853047847543,0.9202472164297006,False,True,False,False,False,True
0,0.4509803921568628,1,1.0,0.527697384775732,1.5373792206010022,0.75,0.5994595997202989,0.6323036925834635,0.37547130289065767,0.36400938347394035,0.5411134404370241,0.5,0.0,0.7938718662952646,0.0,0.6874999999999999,-1.326770141108352,1,-0.15436822439709186,-0.6253487936711899,2.013407393927571,True,False,False,False,False,False
0,0.5882352941176471,3,0.875,0.42384131447689805,0.6275292696275212,0.75,0.5072944959851151,0.8912217109215592,0.3079178885630498,0.36400938347394035,0.5656825293413252,1.0,0.0,0.403899721448468,0.25,0.8958333333333333,0.20883240889664195,1,0.4206081842080051,-0.2561913081567208,0.9202472164297006,True,False,False,False,False,True
0,0.4901960784313726,1,1.0,0.610975412284963,2.0320145468742714,1.0,0.3976834545094786,-0.14445036243082382,0.4666581665179141,0.36400938347394035,0.3110404931171949,0.0,0.0,0.5517177344475395,0.5,0.6666666666666666,1.6872075346778472,0,0.62050146288416,0.20532493059239942,-0.6204755188147992,True,False,True,False,False,True
0,0.3921568627450981,2,0.0,0.10893080728257967,-1.6312263681860486,0.0,0.4497943120649195,-2.4358748247229713,0.1141917710832667,-2.74718192826914,0.588712604464877,0.5,0.0,0.6963788300835655,0.5,0.08333333333333333,1.095857484365365,1,0.6664502914693572,2.0057864599120947,-0.6204755188147992,False,False,False,True,False,False
0,0.6470588235294118,2,0.0,0.6710318356288102,-1.2602668060884592,0.0,0.5427996843415109,-0.5846109936055867,0.0207217469280919,-2.74718192826914,0.5448868666067739,1.0,0.0,0.4289693593314763,0.5,0.9166666666666666,1.2580018529994328,1,1.4618283944653094,2.0176982091238456,-0.6204755188147992,True,False,False,False,True,False
0,0.7254901960784313,1,0.0,0.9032820870707526,-1.1069928442431343,0.0,0.349347283210508,0.7747086026694162,0.001140906133004299,-2.74718192826914,0.25568022284010566,1.0,0.0,0.4456824512534819,0.5,0.5416666666666666,-0.08684261625959909,1,1.7835490037194042,2.0176982091238456,-0.6204755188147992,False,True,False,False,True,False
1,0.4509803921568628,2,0.25,0.2476514980466211,-1.1862509927855114,0.5,0.41809209440736556,0.2568725659932246,0.10903932675499345,0.36400938347394035,0.7750882442622757,0.0,0.0,0.4519962859795729,0.5,0.14583333333333331,0.8383340753583164,0,1.4125750817320106,1.404482329574937,-0.6204755188147992,False,False,False,True,True,False
0,0.5294117647058824,1,0.75,0.4690513821243105,0.5433945301647451,0.5,0.4515416259089996,0.722924999001797,0.2755999760608055,0.36400938347394035,0.4566957635666005,0.0,0.0,0.44995357474466113,0.5,0.12499999999999999,0.7620308430599316,0,-0.5754001829112309,-0.8166261683142368,-0.6204755188147992,False,False,False,True,True,False
0,0.5686274509803921,3,1.0,0.47394924635836794,1.2181386144314243,1.0,0.45417910957482177,0.8006004045032258,0.3598467342806006,0.36400938347394035,0.4547793303968415,0.0,0.0,0.3944289693593314,0.5,0.4375,-1.5079903178170158,0,-0.3266960739807448,-0.7254723448947588,-0.6204755188147992,False,True,False,False,False,True
0,0.6470588235294118,2,0.375,0.6044253781892074,-0.06772358867661478,0.5,0.32260817427782346,-0.9082585165282063,0.24467208130059329,0.36400938347394035,0.2548371151201029,0.0,0.0,0.38755803156917357,0.5,0.9374999999999999,-1.2504669088099671,0,-2.4747444723267105,-1.0817675356892322,-0.6204755188147992,False,False,True,False,False,True
1,1.0,1,0.875,0.4720334982245119,0.8819654008993494,0.75,0.4699818553723642,0.4122233769960821,0.3487345903161455,0.36400938347394035,0.47245492518466964,0.0,0.0,0.3351903435468894,0.5,0.5624999999999999,0.10391546448636288,0,0.3077001803777536,-0.27062152023546615,-0.6204755188147992,True,False,False,True,True,False
0,1.0,2,0.375,0.546506496438761,-0.22061826011701957,0.5,0.4992807945793901,0.4122233769960821,0.15237316026071207,0.36400938347394035,0.43553724953538914,0.5,1.0,0.713091922005571,1.0,0.16666666666666666,-1.5652177420408042,1,-0.24875078124811795,-0.6513106266499741,-0.6204755188147992,True,False,False,False,False,True
0,0.43137254901960786,1,0.375,0.39979782015230186,-0.6079008557120562,0.5,0.4590832586783768,0.8782758100046545,0.13246045186072447,0.36400938347394035,0.5414256358154452,0.0,0.0,0.25831012070566384,0.5,0.6249999999999999,-1.622445166264593,0,1.3768175548803046,1.0647097694430758,-0.6204755188147992,True,True,False,False,True,False
1,0.13725490196078433,2,0.625,0.5363752676915919,0.4871511815494744,0.75,0.5256364360414487,0.010900448572033632,0.282258064516129,0.36400938347394035,0.4669654589130837,1.0,0.0,0.5069637883008357,0.5,0.0625,-1.050170924026707,1,-0.9208788548148363,-0.8782687940170089,-0.6204755188147992,True,False,False,False,False,False
1,0.8039215686274509,3,0.625,0.6355768112372312,0.87996058018763,1.0,0.4631470437511633,0.02384634948893842,0.2811291844666105,0.36400938347394035,0.3486682330726648,0.5,0.0,0.796657381615599,0.5,0.08333333333333333,0.2565219290831324,1,-0.1770480626315691,-0.5633865909309811,-0.6204755188147992,False,True,False,False,False,True
0,0.9607843137254902,2,0.5,0.43521829265789524,-0.21389940151558062,0.75,0.4342885611404127,0.5675741879989395,0.19256496354245112,0.36400938347394035,0.47211000737912645,1.0,0.5,0.520891364902507,0.5,0.24999999999999997,1.6872075346778472,1,0.837209107667216,0.27972908215771297,0.9202472164297006,False,True,False,False,False,False
0,0.17647058823529416,2,1.0,0.48556917105122105,1.2871559220409627,1.0,0.28244197478503436,0.9818430173398928,0.34427183054215843,0.36400938347394035,0.27616150351971286,0.0,0.0,0.4477251624883937,0.5,0.10416666666666667,-1.6892104945256796,0,-2.4747444723267105,-1.0983785134516508,-0.6204755188147992,False,False,False,True,False,False
0,0.0,2,0.25,0.15193251093002727,-1.37576073438658,0.5,0.16089079310443155,0.010900448572033632,0.11913489736070382,0.36400938347394035,0.4681287779440249,0.0,0.0,0.519405756731662,0.5,0.4583333333333333,1.6204422064167605,0,-1.396218698777679,-0.983846845322611,-0.6204755188147992,True,True,False,False,True,False
0,0.37254901960784315,2,1.0,0.5409411340772822,1.6160413413642194,0.75,0.4585707935030526,-0.37747657893511005,0.5022846620746096,0.36400938347394035,0.40397473334115197,1.0,0.5,0.4011142061281337,0.5,0.9583333333333333,1.076781676290769,1,-1.8538192351364167,-1.0363476330150643,0.9202472164297006,True,False,False,True,True,False
0,0.7058823529411765,1,0.625,0.5392591528288073,0.4985705319547423,0.5,0.4537347753033655,0.8653299090877496,0.22143247676325858,0.36400938347394035,0.4009198005988623,0.5,1.0,0.5125348189415042,0.5,0.7083333333333333,0.5617348582766716,1,0.22365679901485108,-0.4132016870753907,2.013407393927571,False,True,False,False,False,False
0,0.33333333333333337,3,0.875,0.5304732239988506,1.1905045992158287,0.5,0.404716227804255,0.32160207057774853,0.3575456801263252,0.36400938347394035,0.3633017626432033,0.5,1.0,0.20612813370473537,1.0,0.6874999999999999,1.496449453931885,1,0.13090446237799278,-0.39956953484558533,-0.6204755188147992,True,False,False,True,False,False
0,0.3921568627450981,3,0.625,0.25594395068316944,-0.6232756631972035,0.75,0.3159580244263168,0.8782758100046545,0.2206848126884474,0.36400938347394035,0.5685895601343847,0.0,0.0,0.4941504178272981,0.5,0.7708333333333333,-1.3076943330337556,0,-0.44244468735918835,-0.7790184206347377,-0.6204755188147992,True,False,False,True,True,False
1,0.9411764705882354,2,0.5,0.6432151727252201,0.47244013227293696,0.5,0.5165839460790593,0.9041676118384641,0.17533699696887553,0.36400938347394035,0.3844901842700796,0.0,0.0,0.35134633240482827,0.5,0.6874999999999999,-0.09638052029689718,0,-0.009903288802217195,-0.5736213854317374,-0.6204755188147992,True,False,True,False,False,False
0,0.05882352941176472,2,0.5,0.46605225887230844,-0.11215475039580743,0.75,0.504366244355388,0.5805200889158443,0.19185245380348373,0.36400938347394035,0.5133125568605799,1.0,0.5,0.29526462395543174,0.75,0.20833333333333331,-0.563737818124504,1,0.1784805498311051,-0.40481885276277063,-0.6204755188147992,False,False,False,True,False,True
1,0.823529411764706,3,0.875,0.32651788829819983,0.11369913964812556,0.75,0.42078289411420444,-0.19623396609844299,0.4165947904088321,0.36400938347394035,0.6018634204161144,0.5,0.0,0.9860724233983288,0.5,0.10416666666666667,0.2565219290831324,1,-0.08958295915398418,-0.4725875172021485,-0.6204755188147992,True,False,False,True,False,True
0,0.019607843137254943,3,1.0,0.7521227173518887,2.8703682565203437,0.5,0.255461025252614,0.5805200889158443,0.3805250326820478,0.36400938347394035,0.16245615198602997,0.5,1.0,0.7047353760445683,1.0,0.6458333333333333,-0.12499423240879148,1,1.0590415831462756,0.6051918093682606,-0.6204755188147992,False,False,False,True,False,True
1,0.3921568627450981,3,1.0,0.5784236585771921,1.8386712629663329,0.5,0.5096536004575691,0.2568725659932246,0.41509451985442314,0.36400938347394035,0.42072164439997634,1.0,1.0,0.8105849582172703,1.0,0.7083333333333333,1.5441389741183758,1,0.5519364208921318,0.007983226951257642,-0.6204755188147992,True,False,True,False,False,True
0,0.7058823529411765,3,0.625,0.411776377457118,-0.006224358736024738,0.75,0.5490506641996264,1.0077348191737023,0.21343349536014142,0.36400938347394035,0.6294268743221245,0.5,0.0,0.14763231197771587,0.5,0.6874999999999999,1.0004784439923842,1,0.22365679901485108,-0.4330034307225144,-0.6204755188147992,False,False,False,False,False,False
0,0.07843137254901966,2,0.75,0.26970703714889754,-0.3775090268949739,0.5,0.51369411679312,0.3345479714946534,0.30623143732491354,0.36400938347394035,0.8791334314140664,0.0,0.0,0.4527390900649954,0.5,0.8749999999999999,0.800182459209124,0,-0.009903288802217195,-0.5016431637868282,-0.6204755188147992,True,False,False,False,False,False
0,0.3137254901960784,3,0.75,0.6043725973732746,1.1685328479022528,1.0,0.5399380407049534,0.32160207057774853,0.30735393638619446,0.36400938347394035,0.42711155739552326,0.5,1.0,0.12813370473537603,1.0,0.5624999999999999,-0.6781926665720812,1,-1.161191279329574,-0.9522202370736081,-0.6204755188147992,True,False,True,False,False,False
0,0.9411764705882354,2,0.375,0.3692245325232455,-0.6886084354446629,0.5,0.2251486848242685,-0.19623396609844299,0.18630326030705538,0.36400938347394035,0.28679280775599214,1.0,0.5,0.415041782729805,0.5,0.08333333333333333,-0.41113135352773444,1,0.23822306727982706,-0.20626589436604162,0.9202472164297006,False,False,False,True,True,False
0,0.9215686274509803,2,0.75,0.4561523371638521,0.4838052983346449,0.75,0.3719146265058443,0.049738151322747996,0.3327085285848172,0.36400938347394035,0.38639796859400705,1.0,0.5,0.1448467966573816,0.75,0.6874999999999999,-0.9261781715418317,1,-1.4906012556287052,-1.0003901072221824,-0.6204755188147992,False,False,False,True,False,False
1,0.1960784313725491,3,0.0,0.7882756214208009,-1.1828915634847919,0.0,0.4624365407146852,-2.5006043293074955,0.12260560304486182,-2.74718192826914,0.4380507514413355,0.0,0.0,0.43435468895078916,0.5,0.6666666666666666,0.20883240889664195,0,0.62050146288416,2.004583657836871,-0.6204755188147992,False,True,False,False,False,False
0,0.8823529411764707,1,0.625,0.35657204239276935,-0.22481754674291907,0.5,0.2716805096502268,0.6193577916665587,0.23648619074714403,0.36400938347394035,0.35767383683067244,0.0,0.0,0.4536675951717735,0.5,0.22916666666666666,-1.33630804514565,0,-0.08958295915398418,-0.5877124819849627,-0.6204755188147992,True,False,False,False,True,False
0,0.7843137254901961,2,0.75,0.5848348986754948,1.0782752776171973,1.0,0.47105188291050304,-0.37747657893511005,0.3808906772147582,0.36400938347394035,0.3846461046612937,1.0,0.5,0.31754874651810583,0.75,0.8124999999999999,1.2198502368502404,1,-0.08958295915398418,-0.4399324883968007,-0.6204755188147992,False,False,False,True,True,False
1,0.5882352941176471,3,0.625,0.4872568539310466,0.2926564803408861,0.75,0.47523740873022674,-0.20917986701534777,0.30272370172382074,0.36400938347394035,0.4633115301267487,0.5,1.0,0.0055710306406685246,1.0,0.8958333333333333,-1.4030733734067367,1,0.14704554340212264,-0.28589221857681285,-0.6204755188147992,True,False,False,True,False,True
0,0.5294117647058824,2,0.5,0.5922945873273261,0.3044144828934042,0.5,0.3677082744150152,0.049738151322747996,0.2250808719049491,0.36400938347394035,0.29639821253570964,0.0,0.0,0.46648096564531105,0.5,0.7708333333333333,1.7253591508270396,0,-1.0948049309784653,-0.9252281774769839,-0.6204755188147992,False,False,False,False,True,False
0,0.8431372549019608,1,0.375,0.4807159424454524,-0.39429262731268117,0.5,0.5087709758806029,-0.10561265968010947,0.18052533661274556,0.36400938347394035,0.5025441306271756,0.0,0.0,0.43862581244196847,0.5,0.8958333333333333,-0.5160482979380135,0,-0.38270216991046674,-0.6604691256551043,-0.6204755188147992,True,False,False,True,True,False
0,0.607843137254902,3,0.0,0.5335290133212915,-1.3510120354655542,0.0,0.34773831105245007,-0.9341503183620159,0.02884812112118939,-2.74718192826914,0.35103604337692407,0.5,1.0,0.14763231197771587,0.5,0.22916666666666666,-0.8975644594299375,1,1.356317672640181,2.0176982091238456,2.013407393927571,True,False,True,False,False,False
0,0.3921568627450981,2,0.625,0.5744986555553274,0.6381087627076094,1.0,0.23546085103232633,0.54168238616513,0.24160122650170693,0.36400938347394035,0.1952798399934614,0.5,0.0,0.7047353760445683,0.5,0.7499999999999999,1.7158212467897414,1,-0.5754001829112309,-0.8040623740447992,-0.6204755188147992,True,False,False,True,True,False
0,0.11764705882352944,1,0.125,0.2023748434902194,-1.4227250141672025,0.25,0.015379719983029184,-0.3645306780182052,0.07693701242088338,0.36400938347394035,0.03757075468723599,0.5,1.0,0.9387186629526463,1.0,0.0,-1.6796725904883814,1,1.3928862504847794,1.7023460584320438,-0.6204755188147992,False,False,False,True,False,True
0,0.17647058823529416,1,0.625,0.5117681671079729,0.3897141857427203,0.75,0.492620985939325,-0.13150446151391904,0.29521369512053103,0.36400938347394035,0.4579916618099164,1.0,0.0,0.6016713091922006,0.0,0.8124999999999999,-0.5255862019753116,1,-0.8212422901725825,-0.8380113459281312,2.013407393927571,True,False,False,False,False,False
1,0.5294117647058824,2,0.125,0.7638806215234302,-0.6815915629536441,0.25,0.23489605430632154,0.7358708999187018,0.047057218850167094,0.36400938347394035,0.14698910701761844,0.0,0.0,0.5177344475394616,0.5,0.08333333333333333,0.07530175237446858,0,1.104123083188206,0.6272227488767519,-0.6204755188147992,False,False,True,False,False,True
0,0.9215686274509803,3,0.125,0.4507173792565528,-1.0949368278010363,0.25,0.4480059397539245,-2.630063338476543,0.3288646837033933,0.36400938347394035,0.47088530464575784,0.5,1.0,0.9944289693593316,0.5,0.020833333333333332,-1.4030733734067367,1,-0.2242066223397858,0.4824978777217003,2.013407393927571,True,True,False,False,False,False
0,0.6862745098039217,3,1.0,0.5339053209904419,1.5742516663935764,1.0,0.5035792068755747,0.12741355682417674,0.43055185283924285,0.36400938347394035,0.4493554993409824,0.0,0.0,0.4969359331476324,0.5,0.9374999999999999,-1.326770141108352,0,0.29422916320954867,-0.22609097486818058,-0.6204755188147992,True,False,False,False,True,False
0,0.37254901960784315,2,0.875,0.3178380098113671,0.06787273108226287,1.0,0.4813936732675402,0.5287364852482251,0.3379586581789571,0.36400938347394035,0.7061720036470687,0.0,0.0,0.49396471680594245,0.5,0.49999999999999994,0.7811066511345278,0,-2.217037214644128,-1.0820188381966256,-0.6204755188147992,True,True,False,False,True,False
0,0.23529411764705888,1,0.375,0.3407961986083457,-0.7636537512752507,0.5,0.37612503885868975,-0.07972085784629988,0.17892737500130448,0.36400938347394035,0.5166831874133322,1.0,0.0,0.754874651810585,0.25,0.7708333333333333,-0.7258821867585716,1,-0.06898881629816243,-0.4779656292647649,0.9202472164297006,True,True,False,False,False,False
0,0.3529411764705882,1,0.625,0.43712583044260617,0.09415213770885868,0.75,0.3368691510057619,0.10152175499036716,0.27451662607485455,0.36400938347394035,0.3646714206346712,0.0,0.0,0.46183844011142067,0.5,0.49999999999999994,-1.4698387016678234,0,-0.38270216991046674,-0.6843180958074994,-0.6204755188147992,False,False,True,False,False,True
0,0.9607843137254902,1,0.25,0.35751281156564507,-0.968741491649817,0.5,0.18916291925418627,0.5028446834144156,0.10012054045301622,0.36400938347394035,0.24861840063835894,0.5,0.0,0.5766016713091923,0.5,0.9791666666666666,-1.155087868436986,1,1.3727549367585805,1.2078639379776253,-0.6204755188147992,True,True,False,False,False,False
0,0.1960784313725491,1,0.75,0.6580301613040379,1.4164126736033218,0.5,0.2483604830879388,0.4122233769960821,0.2996442328022872,0.36400938347394035,0.18025232099634614,1.0,0.5,0.6406685236768803,0.25,0.4375,0.12299127256095907,1,-1.0948049309784653,-0.9422186746886844,2.013407393927571,True,False,True,False,False,False
1,0.6666666666666666,2,0.375,0.4980295162051766,-0.34858813351982865,0.5,0.40600849635744496,0.8006004045032258,0.13549395423875504,0.36400938347394035,0.38748201483375816,1.0,0.0,0.6295264623955432,0.25,0.0,-0.33482812122934963,1,1.6171299793950427,1.6068634275133902,0.9202472164297006,False,False,False,True,True,False
1,0.6470588235294118,1,1.0,0.5101432021730058,1.4331149975056896,0.75,0.569442169264434,0.606411890749654,0.37798303685883367,0.36400938347394035,0.5311122154577623,1.0,0.5,0.0947075208913649,0.5,0.49999999999999994,-0.9643297876910241,1,0.49953518198184954,-0.12766087433802875,0.9202472164297006,True,False,True,False,True,False
0,0.8431372549019608,2,0.5,0.6106898745869168,0.36511449376648425,0.5,0.2641528979231649,0.9818430173398928,0.17171178594798964,0.36400938347394035,0.20640814179546368,0.0,0.0,0.3714020427112349,0.5,0.6666666666666666,-1.0215572119148126,0,0.62050146288416,-0.07873477366278854,-0.6204755188147992,False,False,False,False,True,False
1,0.05882352941176472,3,1.0,0.5378554111902497,1.5977134871550522,1.0,0.4770826386337782,0.43811517882989165,0.395072217502124,0.36400938347394035,0.42264761989096916,0.5,0.0,0.36768802228412256,0.5,0.4375,-0.31575231315475344,1,-1.8538192351364167,-1.0532287063030217,-0.6204755188147992,False,True,False,False,False,True
1,0.23529411764705888,3,0.0,0.7847041195426836,-1.1852485824296515,0.0,0.4443144585239712,-0.15739626334772863,0.012956544921354306,-2.74718192826914,0.37045831823655495,0.5,0.0,0.18662952646239553,0.0,0.6249999999999999,0.018074328150679993,1,1.5758997825635666,2.0176982091238456,2.013407393927571,True,False,True,False,False,False
1,0.7058823529411765,1,1.0,0.4423736119378476,1.0305930552844051,1.0,0.3752264628582675,0.6452495935003683,0.3742266157313539,0.36400938347394035,0.40154813885521934,0.5,1.0,0.9972144846796658,0.5,0.375,1.37245670144701,1,-1.4906012556287052,-1.0169227596476444,2.013407393927571,True,False,False,False,True,False
0,0.019607843137254943,1,0.5,0.5391531024856832,0.12906040104738292,0.5,0.6071055227304916,-0.19623396609844299,0.24387614283249961,0.36400938347394035,0.5367317014182533,0.0,0.0,0.49303621169916434,0.5,0.9791666666666666,-0.25852488893096487,0,-0.4120754820796742,-0.6642318012681195,-0.6204755188147992,False,False,True,False,False,False
0,0.9607843137254902,1,0.0,0.33459225353558153,-1.4823006999114128,0.0,0.5034818080123716,-1.180122435783207,0.03590879166916033,-2.74718192826914,0.5953852439213893,0.0,0.0,0.39145775301764163,0.5,0.3541666666666667,0.17068079274744957,0,1.273836644847945,2.0170236856666257,-0.6204755188147992,False,True,False,False,True,False
0,0.0,3,0.625,0.5293930499394486,0.45950362024798885,0.75,0.3716717405806638,0.6452495935003683,0.23482165388932882,0.36400938347394035,0.33425784433254846,0.0,0.0,0.4766945218198701,0.5,0.0,-0.16314584855798386,0,0.29422916320954867,-0.3234858572134974,-0.6204755188147992,False,True,False,False,False,False
0,0.7647058823529412,2,0.625,0.5407814883994608,0.5045985401757914,0.75,0.5828170859369644,0.9818430173398928,0.21485179709653182,0.36400938347394035,0.5137311045111996,0.0,0.0,0.37697307335190344,0.5,0.375,1.7253591508270396,0,-0.4120754820796742,-0.7747262226580399,-0.6204755188147992,False,False,False,False,True,False
1,0.47058823529411764,2,0.25,0.3987629740621386,-0.8870721398190203,0.25,0.7315548509482223,0.6581954944172731,0.09500425133179477,0.36400938347394035,0.8647324792323194,0.0,0.0,0.40687093779015787,0.5,0.2708333333333333,-1.6701346864510833,0,0.6664502914693572,0.04178170051078007,-0.6204755188147992,False,False,False,False,False,False
0,0.7058823529411765,2,0.5,0.4207721833370963,-0.26156807776248286,0.5,0.4216256142320849,-0.027937254178680735,0.23074548541441578,0.36400938347394035,0.4734665613850036,0.0,0.0,0.42302692664809655,0.5,0.20833333333333331,1.677669630640549,0,-1.2328939979461229,-0.9516821395380567,-0.6204755188147992,False,False,False,False,True,False
1,0.6862745098039217,1,1.0,0.6820063356527569,2.4539073919182517,1.0,0.3469182474151494,0.722924999001797,0.36691090344809896,0.36400938347394035,0.24346752628147303,1.0,0.5,0.67966573816156,0.75,0.14583333333333331,-0.7735717069450622,1,0.04552505427906295,-0.5177542833652174,-0.6204755188147992,False,False,False,False,False,False
0,0.09803921568627455,2,1.0,0.41193146182985874,0.849779900824715,1.0,0.4382629893930896,-0.5198814890210627,0.5266126064088712,0.36400938347394035,0.5022794840474054,1.0,0.5,0.4818941504178273,0.25,0.3541666666666667,0.2565219290831324,1,-0.13224843979789794,-0.4433450163009556,2.013407393927571,False,False,False,False,False,False
0,0.11764705882352944,1,0.5,0.7842073934194052,0.9376804521649105,0.5,0.36279958047008715,-0.37747657893511005,0.2594966923549069,0.36400938347394035,0.22190334314530993,1.0,1.0,0.34540389972144847,0.75,0.16666666666666666,-0.09638052029689718,1,-0.9208788548148363,-0.8507221363518143,0.9202472164297006,True,True,False,False,False,False
1,0.05882352941176472,3,0.125,0.6426137646503417,-0.8416521138298578,0.25,0.49514212982604994,0.8653299090877496,0.044485312391271924,0.36400938347394035,0.3688281016624935,1.0,0.5,0.6295264623955432,0.5,0.8749999999999999,1.4010704135589043,1,1.5394664308888164,1.4048878104057652,0.9202472164297006,False,False,False,True,False,True
0,0.6666666666666666,2,1.0,0.5631706543876334,1.7480750405340275,1.0,0.589993103421489,0.4640069806637012,0.39235357671390825,0.36400938347394035,0.4999799975825668,1.0,0.5,0.3064066852367688,0.75,0.5624999999999999,-0.6781926665720812,1,0.11446719825959353,-0.43438732901941124,-0.6204755188147992,True,False,False,False,False,True
0,0.7843137254901961,1,1.0,0.45654558682330176,1.1147684330048515,1.0,0.4602581052109859,0.7617627017525114,0.36334819385350803,0.36400938347394035,0.47781166634198824,0.0,0.0,0.5047353760445682,0.5,0.20833333333333331,-0.4492829696769268,0,-1.4906012556287052,-1.0196504846536958,-0.6204755188147992,True,False,False,True,False,False
0,0.6470588235294118,2,1.0,0.5649541246741518,1.758668079700006,0.75,0.3828489251105888,-0.04088315509558552,0.45227375986122004,0.36400938347394035,0.3232052463384022,0.5,0.0,0.3983286908077994,0.5,0.9999999999999999,-1.1073983482504957,1,-0.15436822439709186,-0.5400974582356433,-0.6204755188147992,False,False,False,False,True,False
0,0.5490196078431373,3,0.375,0.21718426076068884,-1.089965414279407,0.5,0.1343961067957653,0.9947889182567976,0.12809770874287008,0.36400938347394035,0.2832739244959734,0.5,0.0,0.10027855153203342,0.5,0.8333333333333333,-1.4698387016678234,1,0.7353924354498874,0.045705150720764066,-0.6204755188147992,False,False,False,False,False,True
0,0.07843137254901966,2,0.375,0.2089123339970032,-1.1118017047340836,0.5,0.09159328597523773,0.6711413953341778,0.1407884151246983,0.36400938347394035,0.20111627387537098,0.5,1.0,0.7910863509749304,1.0,0.6041666666666666,1.3533808933724136,1,0.6574471427172601,0.02838789636791786,-0.6204755188147992,True,False,False,False,True,False
0,0.5098039215686275,2,0.25,0.2149127308305452,-1.2510690137691507,0.25,0.26838807517276725,-0.7399618046084441,0.16027030473033277,0.36400938347394035,0.5682243976988688,0.0,0.0,0.39294336118848655,0.5,0.8958333333333333,-1.6701346864510833,0,-1.3108392906787496,-0.9305881877146022,-0.6204755188147992,True,True,False,False,True,False
0,0.6274509803921569,3,0.625,0.44293123148395214,0.11713984546418495,0.75,0.49505416440720856,0.5934659898327491,0.2381707220416898,0.36400938347394035,0.5291471932028473,0.5,1.0,0.05013927576601671,1.0,0.5416666666666666,0.4854316259782868,1,-1.0948049309784653,-0.9496656458381059,-0.6204755188147992,False,False,False,True,True,False
0,0.8823529411764707,1,0.875,0.5786551448100331,1.4448865461440976,0.75,0.4317934585404458,-0.24801756976606215,0.423469164441721,0.36400938347394035,0.3561963953028603,0.5,0.0,0.9777158774373259,0.5,0.5208333333333333,0.46635581790369063,1,-0.11066171428046011,-0.4782256992250217,-0.6204755188147992,False,True,False,False,True,False
1,1.0,1,0.625,0.4285939092893258,0.06036819949920415,0.75,0.42816068482309,-1.1024470302817782,0.42115501872767913,0.36400938347394035,0.4723669404347732,0.0,0.0,0.3764159702878365,0.5,0.9999999999999999,-1.4603007976305251,0,-0.2242066223397858,-0.3809309746462708,-0.6204755188147992,False,False,True,False,False,False
1,0.17647058823529416,1,1.0,0.43786704251820524,1.0038259895657695,0.75,0.3511307152365149,0.3863315751622725,0.4006124129254281,0.36400938347394035,0.3794891791737428,0.5,0.0,0.3064066852367688,0.0,0.22916666666666666,-1.2027773886234765,1,0.008956476434464797,-0.4964824393387568,2.013407393927571,False,False,False,False,True,False
0,0.09803921568627455,2,0.875,0.5886255875531107,1.4975266359126287,0.5,0.5292904443385315,0.9559512155060832,0.30304384204839924,0.36400938347394035,0.429584349053716,1.0,0.5,0.4206128133704735,0.5,0.7708333333333333,-1.031095115952111,1,-0.11066171428046011,-0.6354156561131559,0.9202472164297006,True,False,False,False,False,True
0,0.6470588235294118,2,0.0,0.7769248137277037,-1.1903825489819606,0.0,0.4527384458796509,-2.2675781128032093,0.09583158776707165,-2.74718192826914,0.3995542107357957,0.5,0.0,0.9693593314763231,0.5,0.5416666666666666,-1.0978604442131974,1,0.7759335508931867,2.008414486385998,-0.6204755188147992,True,False,False,True,False,False
0,0.13725490196078433,1,0.25,0.34682567376177664,-0.9899004778099936,0.5,0.39411034958384455,-0.442206083519634,0.1417013434098733,0.36400938347394035,0.5324014081798427,1.0,0.0,0.13370473537604455,0.25,0.7499999999999999,-0.3920555454531382,1,-0.4120754820796742,-0.6316856821687546,0.9202472164297006,True,True,False,False,False,False
0,0.5882352941176471,1,0.875,0.5304860526693898,1.190572329645279,0.5,0.23532557224340708,0.29571026874393896,0.3601362217387191,0.36400938347394035,0.21102030925946458,0.0,0.0,0.3961002785515321,0.5,0.3333333333333333,0.09437756044906478,0,-0.24875078124811795,-0.6383553585179822,-0.6204755188147992,True,True,False,False,False,False
0,0.1568627450980392,2,0.375,0.8211170180011904,0.5043005262862114,0.5,0.20186658057655557,0.2568725659932246,0.1600485256048984,0.36400938347394035,0.11733968341501183,0.5,0.0,0.45403899721448465,0.5,0.9374999999999999,-1.2123152926607748,1,0.9352857141260422,0.5191974102140251,-0.6204755188147992,True,True,False,False,False,False
1,0.3921568627450981,1,0.625,0.6871959605082206,1.0843574701818066,0.75,0.3967307711206145,0.6581954944172731,0.23399677245831094,0.36400938347394035,0.27651569955927763,0.0,0.0,0.4334261838440112,0.5,0.16666666666666666,0.3805146815680077,0,-2.217037214644128,-1.0832310674749173,-0.6204755188147992,True,False,False,False,True,False
0,0.13725490196078433,1,0.125,0.6489049446827726,-0.8333483631792892,0.25,0.36181586762834117,-0.9212044174451112,0.10101010101010102,0.36400938347394035,0.2666915127869341,1.0,0.5,0.030640668523676882,0.75,0.10416666666666667,0.21837031293394005,1,1.1204604191721435,1.4482488075303124,-0.6204755188147992,True,False,False,True,True,False
0,0.05882352941176472,2,0.625,0.4199422538776794,0.026110148283399814,0.75,0.35034125198986704,0.9947889182567976,0.21414069801166577,0.36400938347394035,0.3941874425191238,1.0,0.5,0.28969359331476324,0.75,0.24999999999999997,-0.7449579948331678,1,0.8070951540664362,0.13159383000713,-0.6204755188147992,False,False,True,False,False,False
0,0.4117647058823529,3,0.125,0.6464315770028121,-0.8366129698787785,0.25,0.4870386084005091,0.6581954944172731,0.04867341095628936,0.36400938347394035,0.3606800050612615,0.5,0.0,0.4818941504178273,0.5,0.10416666666666667,1.6204422064167605,1,1.4764541195225593,1.3577073005685598,-0.6204755188147992,False,False,True,False,True,False
0,0.5294117647058824,2,0.125,0.16977975738418274,-1.4657473829538354,0.25,0.1446117946542214,-0.6752323000239202,0.08928682847694516,0.36400938347394035,0.3814040690997434,1.0,0.5,0.33147632311977715,0.25,0.7708333333333333,-0.7449579948331678,1,1.1829838647695035,1.4213864130529281,2.013407393927571,False,True,False,False,False,False
0,0.8627450980392156,1,0.25,0.21577481749078045,-1.249362206947011,0.5,0.24232839786591384,0.45106107974679643,0.10191071200888874,0.36400938347394035,0.5114560722984023,0.0,0.0,0.36880222841225635,0.5,0.0625,-0.0105393839612143,0,0.5416985293388166,-0.049871390392592765,-0.6204755188147992,False,False,False,True,False,False
1,0.05882352941176472,1,0.5,0.3657012664463556,-0.44328881997680303,0.75,0.4474668934329298,0.9300594136722736,0.17411512918746272,0.36400938347394035,0.5746505355406022,0.5,0.0,0.9108635097493036,0.0,0.3125,-0.4778966817888211,1,-0.6119687607558291,-0.8416826719893797,2.013407393927571,True,True,False,False,True,False
0,0.7450980392156864,3,0.375,0.5440639175680946,-0.2270661970006585,0.5,0.44216751001805527,0.8653299090877496,0.13295889457726526,0.36400938347394035,0.38733045183962045,0.5,0.0,0.5821727019498608,0.0,0.7291666666666666,1.2866155651113271,1,-2.0171439359679733,-1.0723452263681386,2.013407393927571,True,True,False,False,False,True
1,0.3921568627450981,3,0.125,0.4446622467620435,-1.102929018476135,0.25,0.12713194739075082,-0.1832880651815382,0.07073571589700622,0.36400938347394035,0.13534941927494248,1.0,1.0,0.31754874651810583,0.75,0.8749999999999999,-0.8975644594299375,1,0.5917565658655621,0.18070047320332466,0.9202472164297006,False,True,False,False,False,True
0,0.13725490196078433,2,0.125,0.5700548040805434,-0.9374229410721422,0.25,0.5860203648705982,0.7488168008356065,0.04679331888308045,0.36400938347394035,0.4907792395797256,1.0,1.0,0.3259052924791086,0.5,0.2708333333333333,1.391532509521606,1,1.767969380413721,1.9956047414846898,2.013407393927571,True,False,True,False,True,False
0,0.37254901960784315,3,0.25,0.46986459765868205,-0.7463012152501635,0.25,0.4244998391915781,0.7617627017525114,0.09179055142135506,0.36400938347394035,0.42861589104415865,0.0,0.0,0.5069637883008357,0.5,0.5833333333333333,1.5727526862302699,0,-0.6500939085150256,-0.8437702594615644,-0.6204755188147992,True,False,True,False,False,True
0,0.607843137254902,1,1.0,0.46250265125857803,1.1501508093495254,1.0,0.40625844442362763,0.54168238616513,0.3843959746499211,0.36400938347394035,0.4164943221850659,0.0,0.0,0.47390900649953577,0.5,0.4791666666666667,-1.3935354693694386,0,-1.2328939979461229,-0.9741930430309353,-0.6204755188147992,True,True,False,False,False,True
0,0.0,1,0.125,0.3479853855785217,-1.230533147559914,0.0,0.35907933814170556,-0.23507166884915734,0.07244164876974565,0.36400938347394035,0.4836102570663268,0.0,0.0,0.5351903435468895,0.5,0.7916666666666666,-0.5541999140872059,0,0.3209716195657513,-0.11535943719061198,-0.6204755188147992,True,False,False,True,False,False
0,0.09803921568627455,1,0.875,0.5290184527597036,1.1828239685162005,0.75,0.44752129271806307,-0.9470962192789207,0.5414257132677391,0.36400938347394035,0.40285483302633474,1.0,0.5,0.022284122562674095,0.5,0.7916666666666666,-1.6892104945256796,1,-1.3108392906787496,-0.9165685039040266,0.9202472164297006,False,False,True,False,True,False
0,0.5294117647058824,1,1.0,0.6704457079259517,2.385242282541853,1.0,0.2647182318532317,0.1533053586579863,0.4273776714169421,0.36400938347394035,0.18867927093882528,1.0,0.0,0.50974930362117,0.25,0.9166666666666666,1.7539728629389337,1,-0.35426150307324666,-0.6761423620902154,0.9202472164297006,False,True,False,False,False,False
0,0.8431372549019608,3,0.25,0.6982628269600498,-0.2941057760702575,0.25,0.28243528859590017,-0.8435290119436825,0.167630974082587,0.36400938347394035,0.19345800141795927,0.0,0.0,0.5190343546889508,0.5,0.49999999999999994,1.4392220297080967,0,0.8445820362051449,0.8477766227896069,-0.6204755188147992,False,False,True,False,False,True
0,0.5882352941176471,1,0.75,0.6031703676770284,1.1629789526873537,1.0,0.5708611039577709,0.06268405223965279,0.33141847105612016,0.36400938347394035,0.4524979483192123,0.0,0.0,0.4207985143918292,0.5,0.9374999999999999,-1.345845949182948,0,-0.27398641511201677,-0.6240694461217398,-0.6204755188147992,False,False,False,False,False,True
0,0.17647058823529416,1,0.625,0.6033717167155866,0.7524377276191908,1.0,0.3207488183330671,-1.2060142376170164,0.44033618526468543,0.36400938347394035,0.25379704509510187,0.5,1.0,0.7660167130919221,1.0,0.9374999999999999,-0.7735717069450622,1,-1.5961119774538344,-0.9629236612557339,-0.6204755188147992,True,False,False,False,False,False
0,0.37254901960784315,1,0.125,0.38423407705412665,-1.1826883721964419,0.25,0.4073610521849808,-0.39042247985201484,0.07787806520077137,0.36400938347394035,0.499074350134269,0.0,0.0,0.5634168987929434,0.5,0.04166666666666667,-1.2027773886234765,0,0.46655701279320155,0.09136676192494764,-0.6204755188147992,False,False,True,False,False,True
0,0.13725490196078433,2,0.75,0.6052024290904399,1.172366390209122,0.75,0.3590406766388094,0.8653299090877496,0.2656692678562553,0.36400938347394035,0.28335409595661304,0.5,1.0,0.16434540389972144,1.0,0.8541666666666666,1.4010704135589043,1,-2.217037214644128,-1.0850291766254774,-0.6204755188147992,True,True,False,False,True,False
0,0.4117647058823529,2,0.25,0.78722195994718,-0.11797956732850641,0.5,0.2513415122493703,0.8523840081708449,0.08909805355021475,0.36400938347394035,0.15273052602701984,1.0,0.5,0.019498607242339833,0.75,0.5416666666666666,-1.4221491814813327,1,-0.8212422901725825,-0.8977678285939418,-0.6204755188147992,False,False,True,False,True,False
0,0.7254901960784313,1,0.625,0.5693090306998638,0.617559350412483,1.0,0.49641491158821405,1.0077348191737023,0.21343349536014142,0.36400938347394035,0.4161593289224506,0.0,0.0,0.3806870937790158,0.5,0.22916666666666666,-1.050170924026707,0,-0.13224843979789794,-0.6516606126589111,-0.6204755188147992,True,False,False,True,True,False
0,0.5490196078431373,3,0.75,0.6108089246495207,1.1982665064307976,0.75,0.3655573889983165,0.476952881580606,0.29434126208319755,0.36400938347394035,0.28592048473136905,0.5,0.0,0.9610027855153204,0.0,0.8749999999999999,-0.3825176414158401,1,0.4323182301772069,-0.16776459482214398,2.013407393927571,False,True,False,False,False,True
1,0.1568627450980392,3,0.125,0.18857119399002442,-1.4409444996892498,0.25,0.3976240984302079,-0.9082585165282063,0.10034190575293594,0.36400938347394035,0.9468677062542974,0.0,0.0,0.47112349117920155,0.5,0.020833333333333332,-1.5938314541526986,0,-0.6500939085150256,-0.6861099922774515,-0.6204755188147992,True,True,False,False,False,False
0,0.8431372549019608,2,0.625,0.4483534828985269,0.13861039159983163,0.5,0.4002065887481026,0.6970331971679874,0.23155115625080627,0.36400938347394035,0.4227749427717623,0.5,1.0,0.7047353760445683,1.0,0.7708333333333333,-1.031095115952111,1,-1.5961119774538344,-1.0311631793455194,-0.6204755188147992,True,True,False,False,True,False
1,0.9019607843137255,2,1.0,0.47272225529168393,1.2108508202226054,1.0,0.3893130455846628,0.5934659898327491,0.3792502179598954,0.36400938347394035,0.39077395559960104,0.0,0.0,0.4269266480965646,0.5,0.5208333333333333,0.514045338090181,0,-0.08958295915398418,-0.584688076673023,-0.6204755188147992,True,True,False,False,True,False
0,0.0,3,0.5,0.42740204027176254,-0.23969114905013633,0.25,0.4674927193922123,0.6970331971679874,0.18562791857655167,0.36400938347394035,0.5171351760043261,0.0,0.0,0.658310120705664,0.5,0.5833333333333333,0.22790821697123814,0,-1.161191279329574,-0.9664793970440104,-0.6204755188147992,True,False,False,True,False,False
0,0.7843137254901961,2,0.75,0.5250606246316338,0.8021383167495927,0.5,0.4372059398106107,-0.37747657893511005,0.3808906772147582,0.36400938347394035,0.3964371426922475,0.0,0.0,0.4150417827298049,0.5,0.9166666666666666,0.2851356411950267,0,-0.5064580389307003,-0.6883051133526031,-0.6204755188147992,True,False,True,False,True,False
1,1.0,2,0.625,0.8133206072921584,1.5837745647742445,0.5,0.38474316158715394,0.7488168008356065,0.22835649623868418,0.36400938347394035,0.22707350872605384,1.0,0.5,0.1727019498607242,0.75,0.6041666666666666,0.7143413228734411,1,-0.44244468735918835,-0.7694456666460596,-0.6204755188147992,True,False,True,False,False,True
0,0.7450980392156864,1,0.75,0.5274005741379866,0.812948093289811,0.75,0.5329475647802762,0.9171135127553688,0.26220940710037843,0.36400938347394035,0.4812808721125243,0.0,0.0,0.4692664809656454,0.5,0.7708333333333333,0.19929450485934386,0,-0.38270216991046674,-0.7583508208845396,-0.6204755188147992,True,False,False,False,True,False
0,0.4901960784313726,3,0.0,0.9494447751390628,-1.0765276970765292,0.0,0.4187368539630037,0.8912217109215592,0.0,-2.74718192826914,0.35074861014651654,0.0,0.0,0.5166202414113278,0.5,0.8333333333333333,-1.3744596612948423,0,1.8064218827391247,2.0176982091238456,-0.6204755188147992,True,True,False,False,True,False
0,0.1960784313725491,1,0.25,0.6991180716626642,-0.2924125153340078,0.25,0.4475619299730281,-0.7270159036915393,0.1593860684769776,0.36400938347394035,0.3068606975550961,0.5,1.0,0.479108635097493,1.0,0.6458333333333333,-0.3920555454531382,1,0.46655701279320155,0.20928546355304842,-0.6204755188147992,True,False,False,False,True,False
0,1.0,2,0.625,0.5104271434142738,0.3844041200738414,0.75,0.4059718313128181,-0.7140700027746345,0.36100717969461016,0.36400938347394035,0.37831944355512404,0.5,1.0,0.19498607242339833,0.5,0.7708333333333333,-1.326770141108352,1,-0.5402660421392802,-0.6598396256584085,2.013407393927571,False,False,False,True,True,False
0,0.6666666666666666,2,0.75,0.6713250623839921,1.477830627028572,0.75,0.4510757550989875,0.34749387241155816,0.3051160879391822,0.36400938347394035,0.32183741000172134,1.0,0.5,0.16991643454038996,0.5,0.4166666666666667,-0.27760069700556106,1,0.7353924354498874,0.20645317467304458,0.9202472164297006,False,False,True,False,False,False
0,0.4509803921568628,2,0.25,0.6384093816922898,-0.4126069354359581,0.25,0.39332183895990713,-0.8305831110267776,0.16668200886340623,0.36400938347394035,0.29467286642338786,0.5,0.0,0.8105849582172703,0.5,0.14583333333333331,0.6857276107615469,1,0.3077001803777536,0.050949151837949604,-0.6204755188147992,False,False,True,False,False,True
0,0.6274509803921569,2,0.125,0.5320922022208994,-0.987529912779244,0.25,0.8098005939753923,-3.4844927989922594,1.0,0.36400938347394035,0.7253168516876392,0.0,0.0,0.325719591457753,0.5,0.10416666666666667,1.5346010700810775,0,-2.217037214644128,-0.45666037931151576,-0.6204755188147992,False,True,False,False,False,True
0,0.37254901960784315,3,0.5,0.526447587183645,0.08713526521784005,0.25,0.6184316014472978,0.5287364852482251,0.19472856018882767,0.36400938347394035,0.5595387986220686,0.0,0.0,0.4380687093779016,0.5,0.0625,1.5632147821929718,0,0.193793841706119,-0.38498084418621387,-0.6204755188147992,False,False,True,False,False,True
1,0.5098039215686275,3,1.0,0.5357708947684112,1.5853323646515944,0.75,0.29855930516088347,0.17919716049179588,0.4242456718075623,0.36400938347394035,0.26528736618725435,0.5,1.0,0.25348189415041783,1.0,0.3333333333333333,0.9146373076567013,1,-2.8379624518344215,-1.1082626456313696,-0.6204755188147992,True,False,False,True,False,False
0,0.27450980392156865,3,1.0,0.3334450853078082,0.3836049010063313,0.75,0.34848311397329823,0.9171135127553688,0.34969445764183554,0.36400938347394035,0.4887947078440464,1.0,0.5,0.298050139275766,0.5,0.4166666666666667,-0.039153096073108594,1,0.22365679901485108,-0.420532668897235,0.9202472164297006,False,False,False,True,False,False
1,0.6274509803921569,3,0.375,0.3677877214228535,-0.6924013394938622,0.5,0.44787915285445645,0.010900448572033632,0.1735092864125122,0.36400938347394035,0.5720686653149656,1.0,0.0,0.3398328690807799,0.5,0.0625,-1.6033693581899966,1,0.8591483044701209,0.48912483039165133,-0.6204755188147992,False,True,False,False,False,True
1,1.0,1,0.875,0.5887923602701205,1.4984071314954786,0.75,0.36231470056740267,-0.053829056012490314,0.3986922686341357,0.36400938347394035,0.29373689180652435,0.5,0.0,0.45125348189415043,0.5,0.7083333333333333,0.6857276107615469,1,0.5519364208921318,0.09184184819567419,-0.6204755188147992,True,False,False,False,False,True
0,0.11764705882352944,1,0.25,0.46949513194715264,-0.7470327038882233,0.5,0.6446138328291232,-1.0118257238634447,0.18079389355820905,0.36400938347394035,0.6514609023465654,0.5,1.0,0.2785515320334262,0.5,0.6041666666666666,0.7048034188361431,1,0.4323182301772069,0.28126180087749797,2.013407393927571,False,True,False,False,False,False
1,0.6470588235294118,1,0.125,0.3928754695293417,-1.1712825678770638,0.0,0.6391387356809504,-1.5684994632903506,0.1446843090838427,0.36400938347394035,0.7663462074530853,0.0,0.0,0.38532961931290627,0.5,0.5416666666666666,0.4186662977172001,0,1.1150476790759973,1.987551870535889,-0.6204755188147992,False,False,False,True,True,False
0,0.8627450980392156,2,0.125,0.21875449003468872,-1.4011054610867661,0.0,0.039053882053457695,-2.8501436540639244,0.423469164441721,0.36400938347394035,0.08383311697902189,1.0,0.5,0.07799442896935933,0.5,0.22916666666666666,-1.4126112774440347,1,-0.6899140534884558,0.10048533545313126,0.9202472164297006,True,False,True,False,False,True
0,0.9803921568627451,3,0.125,0.3982635111558118,-1.164170872784815,0.25,0.4998302927450148,-0.869420813777492,0.09837376699546788,0.36400938347394035,0.5916282874993486,0.5,0.0,0.4428969359331476,0.0,0.9791666666666666,0.9814026359177879,1,1.202891478716676,1.5972427409291552,2.013407393927571,False,False,True,False,False,False
0,0.8823529411764707,3,0.75,0.5300835989479024,0.8253427618791591,0.5,0.5163329180267405,0.9041676118384641,0.2630671036743143,0.36400938347394035,0.46397195140634906,0.0,0.0,0.3257195914577531,0.5,0.3958333333333333,-0.9929434998029184,0,0.46655701279320155,-0.21658342620093168,-0.6204755188147992,False,False,True,False,True,False
0,0.8039215686274509,3,0.375,0.38217122683142096,-0.6544316607441985,0.5,0.568302142481551,-1.1671765348663021,0.27397770070113275,0.36400938347394035,0.6996664412036417,0.0,0.0,0.3853296193129062,0.5,0.8124999999999999,1.3438429893351156,0,0.7994057870213989,0.9590294977057503,-0.6204755188147992,True,False,False,True,True,False
0,0.07843137254901966,1,0.75,0.47164937117522343,0.555396362263283,0.75,0.2563816262457698,0.7747086026694162,0.2719159616993585,0.36400938347394035,0.2578381118612784,1.0,0.5,0.5431754874651811,0.5,0.8958333333333333,-1.1837015805488804,1,0.9484595656718645,0.37674443179615125,0.9202472164297006,True,False,False,False,True,False
0,0.5686274509803921,2,0.625,0.5646530785388315,0.5991231275161959,0.75,0.43648511714981914,0.9041676118384641,0.21920205032159493,0.36400938347394035,0.36877207937118756,1.0,1.0,0.4735376044568245,1.0,0.8333333333333333,0.8478719793956145,1,0.3596454998140551,-0.3112105148747397,-0.6204755188147992,True,True,False,False,True,False
1,0.5294117647058824,2,0.5,0.6644348200907243,0.5424598502383352,0.25,0.33281275122459225,0.8782758100046545,0.17657263227458594,0.36400938347394035,0.23959912847405135,0.5,0.0,0.8161559888579387,0.5,0.6666666666666666,-1.2504669088099671,1,1.3968587880834806,1.104011597673771,-0.6204755188147992,True,False,False,False,True,False
0,0.33333333333333337,2,0.25,0.40647386030090926,-0.8718057010209929,0.5,0.10271644063992441,-1.5684994632903506,0.23902059852312477,0.36400938347394035,0.11941978813029588,0.5,1.0,0.033426183844011144,1.0,0.18749999999999997,0.9146373076567013,1,-0.048857502571963134,-0.05986844816306216,-0.6204755188147992,False,False,True,False,False,True
1,0.6862745098039217,1,0.875,0.42286120404770206,0.6223546648175422,0.5,0.45461576658533254,0.9818430173398928,0.3011318193936162,0.36400938347394035,0.5080804635468261,1.0,0.5,0.5626740947075209,0.5,0.08333333333333333,-1.3172322370710536,1,-0.8212422901725825,-0.9038165057846027,0.9202472164297006,False,True,False,False,False,False
1,0.03921568627450983,3,1.0,0.5174207644291186,1.4763405575806723,0.5,0.5228926635944771,0.6970331971679874,0.36932086927357005,0.36400938347394035,0.4810163503467857,1.0,0.5,0.11420612813370473,0.5,0.20833333333333331,0.7334171309480374,1,-2.217037214644128,-1.083580972689885,0.9202472164297006,False,False,False,True,False,False
0,0.3921568627450981,1,1.0,0.2954334494185476,0.15783228747773823,0.75,0.4055116592737884,0.6581954944172731,0.372989293584827,0.36400938347394035,0.6375093625554307,0.0,0.0,0.555803156917363,0.5,0.4166666666666667,-0.954791883653726,0,-0.35426150307324666,-0.7254021174301613,-0.6204755188147992,True,False,False,True,False,False
0,0.8823529411764707,3,0.0,0.42143722161784924,-1.4249872105108323,0.0,0.40982927211988796,-1.050663426614159,0.032030293539845676,-2.74718192826914,0.46393487079582746,1.0,0.5,0.3481894150417827,0.5,0.3958333333333333,0.7048034188361431,1,1.3181925248809843,2.0175826110347113,0.9202472164297006,False,False,False,False,True,False
0,0.2941176470588236,2,0.875,0.6577875161641248,1.8626749271634087,0.75,0.36233588326552896,0.7617627017525114,0.3180885867814825,0.36400938347394035,0.2635353770036548,0.0,0.0,0.4027855153203343,0.5,0.8958333333333333,1.4582978377826927,0,-0.24875078124811795,-0.6863284025764378,-0.6204755188147992,True,True,False,False,False,False
0,0.7058823529411765,3,1.0,0.65487113172821,2.292736061999058,1.0,0.32523337370181676,0.9947889182567976,0.34320518191485927,0.36400938347394035,0.23748077932914508,0.5,1.0,0.29526462395543174,1.0,0.16666666666666666,1.7444349589016357,1,-1.7157301681687591,-1.0491540407057152,-0.6204755188147992,False,False,True,False,True,False
0,0.8039215686274509,2,1.0,0.5602400158733417,1.7306683201653805,1.0,0.3782818946325962,0.8912217109215592,0.3519061583577712,0.36400938347394035,0.32196118661826223,1.0,0.5,0.01392757660167131,0.75,0.6041666666666666,0.2565219290831324,1,-2.4747444723267105,-1.0978913228775662,-0.6204755188147992,True,False,False,False,False,False
0,0.07843137254901966,2,0.875,0.5623986535027402,1.3590585459450715,0.5,0.5444220442790526,0.9947889182567976,0.3001836872804615,0.36400938347394035,0.4619252009468532,0.5,1.0,0.181058495821727,1.0,0.9791666666666666,0.7048034188361431,1,0.7679707805924156,0.08407831700217389,-0.6204755188147992,False,False,False,True,True,False
0,0.9607843137254902,2,0.5,0.5327531353270797,0.10794205314487651,0.25,0.3936593066660119,-0.442206083519634,0.2654944188796031,0.36400938347394035,0.3518917607787978,0.0,0.0,0.4395543175487466,0.5,0.0625,0.2755977371577286,0,0.6929292367895488,0.4118216480385493,-0.6204755188147992,False,True,False,False,False,False
0,0.9803921568627451,3,0.75,0.48625792811839313,0.6228829621672519,0.5,0.5893085186673424,0.9818430173398928,0.25799180824507406,0.36400938347394035,0.5757318742009578,0.5,0.0,0.45125348189415043,0.5,0.16666666666666666,-0.9834055957656203,1,0.4323182301772069,-0.26105201756543994,-0.6204755188147992,True,True,False,False,False,True
0,0.2549019607843137,1,0.75,0.5388041626470166,0.8656288213160125,0.75,0.5242418434044982,-0.4033683807689196,0.38421004398826974,0.36400938347394035,0.46368744826238506,0.0,0.0,0.43621169916434543,0.5,0.8124999999999999,-0.029615192035810495,0,-1.7157301681687591,-1.0183548176309607,-0.6204755188147992,True,False,False,True,True,False
0,0.5882352941176471,2,1.0,0.5152495832107483,1.4634446838133943,0.75,0.4079290513429431,0.8135463054201305,0.35869291998324254,0.36400938347394035,0.37669270972172664,1.0,1.0,0.1448467966573816,0.75,0.04166666666666667,-1.5556798380035062,1,0.6664502914693572,0.0065071051337598305,0.9202472164297006,True,False,True,False,False,True
0,0.8823529411764707,3,0.375,0.42375664525133927,-0.5446541806916565,0.75,0.42034922195740804,-0.8564749128605872,0.2394474595613116,0.36400938347394035,0.46883859224481705,0.5,0.0,0.6657381615598886,0.5,0.7708333333333333,-1.326770141108352,1,-0.029168671324731745,-0.28401344599343153,-0.6204755188147992,False,False,True,False,True,False
0,0.4509803921568628,2,0.875,0.6145933824585891,1.634626571205296,1.0,0.26076871829066517,-0.5587191917717771,0.4694485842026826,0.36400938347394035,0.20248024429282954,1.0,0.5,0.7214484679665739,0.5,0.49999999999999994,-0.6400410504228887,1,0.04552505427906295,-0.29424335631230447,0.9202472164297006,False,False,False,True,False,True
1,0.6666666666666666,3,1.0,0.2441735029226562,-0.14662953898585185,0.75,0.2885779508360317,0.010900448572033632,0.44538123167155425,0.36400938347394035,0.5427755617557259,0.0,0.0,0.4105849582172702,0.5,0.7499999999999999,0.514045338090181,0,0.37217445594217585,-0.12437937705492558,-0.6204755188147992,True,False,False,True,False,False
0,0.6862745098039217,1,0.5,0.5859726184856011,0.28355351062280787,0.5,0.34518847418201426,0.2698184669101294,0.2102296530449023,0.36400938347394035,0.28113204874628595,0.0,0.0,0.26239554317548747,0.5,0.6041666666666666,0.18975660082204576,0,-0.7315869514707539,-0.8381107783372815,-0.6204755188147992,True,False,True,False,False,False
0,0.17647058823529416,2,0.25,0.27951449468721984,-1.1231668707957918,0.5,0.4279109904825549,-1.8403633825453511,0.28000808979674385,0.36400938347394035,0.7085487078641888,1.0,0.5,0.2757660167130919,0.5,0.6249999999999999,0.5808106663512678,1,0.3469388220782775,0.6366118837400717,0.9202472164297006,True,False,False,False,False,True
1,0.5098039215686275,2,0.375,0.5894928056815616,-0.10714269861650819,0.25,0.3935938980229052,0.7488168008356065,0.1375749075608823,0.36400938347394035,0.31879234622679964,0.0,0.0,0.4187558031569173,0.5,0.3333333333333333,1.658593822565953,0,-1.4906012556287052,-1.019354332564178,-0.6204755188147992,True,False,False,False,False,False
0,0.5098039215686275,2,0.0,0.5381678605882715,-1.3479506200544147,0.0,0.4394796062425524,-1.5684994632903506,0.05034801964456064,-2.74718192826914,0.44968241814061755,0.0,0.0,0.4473537604456824,0.5,0.18749999999999997,-0.8498749392434469,0,1.1258406501227258,2.014944683610078,-0.6204755188147992,False,True,False,False,False,True
1,0.43137254901960786,1,0.5,0.5913545023502124,0.3013124292245948,0.5,0.3385475155031899,0.7099790980848922,0.18495652621289294,0.36400938347394035,0.2732542803123985,0.5,0.0,0.12256267409470752,0.0,0.14583333333333331,1.6299801104540586,1,-1.0948049309784653,-0.9541378253021572,2.013407393927571,True,True,False,False,False,False
0,0.23529411764705888,3,1.0,0.5418283079154607,1.6213107687754285,0.75,0.2560993858747571,0.010900448572033632,0.44538123167155425,0.36400938347394035,0.2249949724595067,0.5,0.0,0.3231197771587744,0.0,0.020833333333333332,1.6490559185286549,1,-2.217037214644128,-1.0763353195596113,2.013407393927571,True,False,False,False,False,False
0,0.2941176470588236,2,0.0,0.20724973829512097,-1.566340616772959,0.0,0.37412853519476835,-1.6461748687917792,0.053885630498533725,-2.74718192826914,0.5083024134363423,1.0,0.5,0.3871866295264624,0.25,0.6458333333333333,-1.6033693581899966,1,1.093063612340931,2.0144357643908712,2.013407393927571,False,True,False,False,False,True
0,0.6666666666666666,2,0.5,0.5973932141464315,0.3212387215687816,0.5,0.3042652114425913,-0.0667749569293951,0.23366818493791727,0.36400938347394035,0.2430724342994315,0.0,0.0,0.34187558031569176,0.5,0.20833333333333331,-1.4698387016678234,0,0.7015844322413071,0.2881107456494048,-0.6204755188147992,False,False,False,False,False,False
0,0.5098039215686275,1,0.25,0.40741805045259544,-0.8699363411681732,0.5,0.49157668357397366,0.2698184669101294,0.10854248390905283,0.36400938347394035,0.5693371932066831,0.5,0.0,0.5181058495821728,0.0,0.18749999999999997,-0.9261781715418317,1,0.3596454998140551,-0.19478091025057032,2.013407393927571,True,True,False,False,True,False
0,1.0,3,0.75,0.47493644310081423,0.5705815245459707,0.75,0.43001275912192555,0.6323036925834635,0.282258064516129,0.36400938347394035,0.4297042554082238,1.0,1.0,0.3871866295264624,0.75,0.8333333333333333,-1.5652177420408042,1,-0.8212422901725825,-0.8866821444703821,0.9202472164297006,False,False,False,False,True,False
0,0.7450980392156864,1,0.25,0.3987356062316549,-0.8871263241625804,0.25,0.3293959903691886,-0.5716650926886818,0.14934289127837513,0.36400938347394035,0.3895539270262752,0.0,0.0,0.39554317548746526,0.5,0.6458333333333333,-0.4874345858261192,0,-0.2242066223397858,-0.49750370677008393,-0.6204755188147992,True,True,False,False,True,False
1,0.9019607843137255,1,0.25,0.8277126651477521,-0.03781383103149947,0.5,0.2651280740534791,-1.2189601385339213,0.19942868430249341,0.36400938347394035,0.15333423804031385,0.5,1.0,0.12534818941504178,1.0,0.4791666666666667,0.9814026359177879,1,-0.6500939085150256,-0.6348340769215934,-0.6204755188147992,False,True,False,False,False,False
0,0.3137254901960784,2,0.25,0.3094480592787207,-1.0639027450270515,0.25,0.3922836010105592,-0.24801756976606215,0.1313082680439445,0.36400938347394035,0.5903984213003861,1.0,0.5,0.38997214484679665,0.75,0.12499999999999999,-0.3443660252666477,1,1.2600899951358864,1.3360707167838108,-0.6204755188147992,False,False,False,False,True,False
1,0.9215686274509803,3,0.875,0.4094783349411933,0.5516982808153137,1.0,0.2217958446871722,0.6840872962510827,0.3244781783681214,0.36400938347394035,0.2557609986133557,0.5,0.0,0.37047353760445684,0.5,0.5833333333333333,-0.372979737378542,1,0.8070951540664362,0.2081276258298578,-0.6204755188147992,True,False,True,False,True,False
1,0.7843137254901961,2,0.75,0.6093193327331959,1.1913850947986788,1.0,0.4464381619804922,0.3863315751622725,0.30181226120983934,0.36400938347394035,0.3502057771482541,0.0,0.0,0.5576601671309193,0.5,0.020833333333333332,1.5727526862302699,0,-0.5754001829112309,-0.7924438606171725,-0.6204755188147992,False,False,False,False,True,False
1,0.0,2,0.75,0.2806004111039107,-0.3271853178136322,0.75,0.19623801515096634,0.7747086026694162,0.2719159616993585,0.36400938347394035,0.3246585575972965,1.0,1.0,0.6406685236768803,1.0,0.3125,-1.3076943330337556,1,-0.5402660421392802,-0.807828899692989,-0.6204755188147992,True,False,False,False,False,False
1,0.1960784313725491,1,0.0,0.48110593402984453,-1.3856087388286085,0.0,0.5380662661545502,-0.2739093715998717,0.01488324917866514,-2.74718192826914,0.511718123600619,0.5,0.0,0.09749303621169916,0.5,0.6249999999999999,0.6666518026869507,1,1.546201844277215,2.0176982091238456,-0.6204755188147992,True,False,False,True,True,False
0,0.21568627450980393,1,0.25,0.4549559720027094,-0.7758181364044685,0.25,0.4626283847586366,-2.7983600503963055,0.6176944364132007,0.36400938347394035,0.48189052376338815,0.5,0.0,0.8523676880222841,0.0,0.22916666666666666,1.2484639489621348,1,-0.9751867402635405,-0.2627747655378816,2.013407393927571,False,False,True,False,True,False
0,0.2549019607843137,2,0.125,0.1900695827090047,-1.43896677114931,0.0,0.04802715316079756,0.9947889182567976,0.04205471947407433,0.36400938347394035,0.11683592067564254,0.5,1.0,0.43175487465181056,1.0,0.6458333333333333,-0.3825176414158401,1,1.702791131720373,1.7193026718124413,-0.6204755188147992,False,True,False,False,True,False
0,0.13725490196078433,1,0.5,0.28963648679160076,-0.6942842454325721,0.75,0.31592405343785596,0.3992774760791773,0.2022353787417695,0.36400938347394035,0.5063449728624072,0.5,0.0,0.5181058495821728,0.5,0.9583333333333333,-0.8307991311688507,1,-0.5064580389307003,-0.7670070438018468,-0.6204755188147992,True,False,True,False,True,False
0,0.5882352941176471,1,0.75,0.2948834863488284,-0.26120233344345295,0.75,0.351963856221078,0.6323036925834635,0.282258064516129,0.36400938347394035,0.5544877735714029,1.0,0.0,0.11420612813370473,0.5,0.8333333333333333,0.8097203632464222,1,-0.08958295915398418,-0.589211968632968,-0.6204755188147992,False,False,True,False,True,False
0,0.11764705882352944,3,0.375,0.45938956054106195,-0.45059016027151183,0.5,0.4997765182089745,0.8912217109215592,0.13196480938416422,0.36400938347394035,0.5157512008101268,0.0,0.0,0.37511606313834733,0.5,0.3541666666666667,-1.2981564289964576,0,0.9151544003998425,0.2980652439243859,-0.6204755188147992,False,False,True,False,False,True
1,0.8823529411764707,2,1.0,0.5391895929263281,1.6056379474007008,0.75,0.45730536894665963,0.42516927791298686,0.39644428152492667,0.36400938347394035,0.40412987456055827,0.0,0.0,0.42135561745589606,0.5,0.04166666666666667,-0.26806279296826296,0,-1.3108392906787496,-0.9837993096282514,-0.6204755188147992,False,False,False,True,False,False
0,0.5882352941176471,2,0.875,0.5999969211190705,1.557562888577099,0.75,0.3741094747062972,0.7747086026694162,0.3170451376270842,0.36400938347394035,0.29778678997842195,0.0,0.0,0.38867223769730735,0.5,0.3125,1.2293881408875384,0,-0.4120754820796742,-0.7593250454664923,-0.6204755188147992,True,False,False,True,False,True
1,0.2941176470588236,3,0.625,0.6399556641146165,0.8972995701268272,1.0,0.3161368989152782,0.476952881580606,0.24600847181492344,0.36400938347394035,0.23609731603644682,0.5,1.0,0.479108635097493,1.0,0.9999999999999999,-1.2695427168845632,1,0.8222786660411202,0.2851737858215386,-0.6204755188147992,False,True,False,False,False,True
0,0.8039215686274509,1,0.0,0.11874217451097108,-1.6247513391306292,0.0,0.39569600040220276,-0.5716650926886818,0.02045545056297745,-2.74718192826914,0.4876995566697625,0.5,1.0,0.0947075208913649,1.0,0.8541666666666666,1.6299801104540586,1,1.4655072733954386,2.0176982091238456,-0.6204755188147992,False,False,False,False,False,True
0,0.7450980392156864,3,0.25,0.4296544127205675,-0.8259115620256805,0.25,0.40283023995957185,-2.4358748247229713,0.43055185283924285,0.36400938347394035,0.4433701867997222,1.0,0.5,0.30919220055710306,0.75,0.3541666666666667,1.7158212467897414,1,0.4323182301772069,1.4472964160263868,-0.6204755188147992,True,False,True,False,True,False
1,0.8431372549019608,3,0.125,0.94710482563271,-0.4397532915595136,0.0,0.07929571489181172,-0.5975568945224914,0.08596877623781654,0.36400938347394035,0.038920377815854744,0.5,0.0,0.8217270194986073,0.5,0.8958333333333333,-0.4015934494904363,1,0.6483525898774916,0.40939307121726853,-0.6204755188147992,False,True,False,False,False,True
0,0.3529411764705882,3,0.0,0.47010406617541406,-1.3928694408656475,0.0,0.4360003812528043,-0.6881782009408249,0.022934055192119725,-2.74718192826914,0.46725355069228325,1.0,0.5,0.1309192200557103,0.5,0.2916666666666667,-0.16314584855798386,1,1.4318404642545253,2.0176982091238456,0.9202472164297006,True,True,False,False,False,True
0,0.13725490196078433,1,0.625,0.342802602680679,-0.2793405424501598,0.75,0.34160719284844177,-0.4163142816858244,0.3244781783681214,0.36400938347394035,0.46673256591915235,0.5,0.0,0.9080779944289694,0.5,0.8333333333333333,-1.3839975653321404,1,0.13090446237799278,-0.2529853253330615,-0.6204755188147992,True,False,False,True,True,False
0,0.5490196078431373,3,0.875,0.48936759785709877,0.9734827571721747,0.75,0.4381715753624147,0.722924999001797,0.3212554397544522,0.36400938347394035,0.42536969801463126,1.0,0.0,0.44846796657381616,0.5,0.7499999999999999,-1.155087868436986,1,-2.217037214644128,-1.0838108669349287,-0.6204755188147992,True,False,False,False,True,False
0,0.019607843137254943,2,0.375,0.5205053469898807,-0.2892562773216384,0.5,0.3580984821831085,0.2827643678270342,0.15872789909745752,0.36400938347394035,0.3273779899777272,1.0,0.0,0.12256267409470752,0.25,0.4583333333333333,0.7238792269107392,1,0.62050146288416,0.080995683015991,0.9202472164297006,True,False,False,False,False,False
0,0.8039215686274509,1,0.5,0.6263429052320449,0.4167657192650459,0.25,0.3408249797320233,0.3863315751622725,0.2030121094942505,0.36400938347394035,0.2600377999308955,0.5,0.0,0.8022284122562675,0.5,0.5208333333333333,-1.4984524137797175,1,1.356317672640181,1.2251943669188008,-0.6204755188147992,False,False,False,True,True,False
0,0.03921568627450983,3,0.5,0.40752889016605426,-0.3052677508436157,0.5,0.4280081196305909,0.6323036925834635,0.18904482614160031,0.36400938347394035,0.495613805761843,1.0,0.5,0.030640668523676882,0.75,0.12499999999999999,-0.7926475150196584,1,-0.08958295915398418,-0.589211968632968,-0.6204755188147992,True,False,True,False,True,False
0,0.9803921568627451,3,0.875,0.39808904123647854,0.4915672055496137,0.75,0.40290127991481756,-0.4033683807689196,0.44538123167155425,0.36400938347394035,0.4771573257784683,0.5,1.0,0.49025069637883006,1.0,0.9791666666666666,0.6761897067242487,1,0.408743033786774,0.027337484346768963,-0.6204755188147992,True,False,False,True,True,False
0,0.5490196078431373,3,0.125,0.17963217635829962,-1.4527431404994375,0.25,0.08394145099703008,0.54168238616513,0.051208228970754714,0.36400938347394035,0.21209899439987226,0.0,0.0,0.5249767873723307,0.5,0.4166666666666667,0.6380380905750563,0,0.5819662415263822,-0.02668423361310495,-0.6204755188147992,True,True,False,False,False,True
0,0.27450980392156865,3,0.875,0.46075966255465006,0.8224438994986994,0.75,0.34768000897266504,0.968897116422988,0.3020851898057387,0.36400938347394035,0.35772111921118455,0.5,0.0,0.27019498607242337,0.5,0.5833333333333333,0.9337131157312974,1,-2.217037214644128,-1.0858690331581082,-0.6204755188147992,False,False,False,True,False,True
0,0.7254901960784313,3,0.875,0.5978801904801002,1.5463873677178508,0.75,0.26109061337125133,-0.5846109936055867,0.473691863987785,0.36400938347394035,0.20829932350659683,1.0,0.5,0.3398328690807799,0.5,0.9166666666666666,-1.345845949182948,1,-1.0948049309784653,-0.8863131760456435,0.9202472164297006,True,False,False,False,False,True
1,0.5294117647058824,3,1.0,0.3716026829596484,0.6102444640318844,0.75,0.3783035331672139,0.6452495935003683,0.3742266157313539,0.36400938347394035,0.4785533317905868,1.0,0.5,0.8384401114206128,0.5,0.12499999999999999,0.19929450485934386,1,-0.24875078124811795,-0.6752482773174724,0.9202472164297006,True,False,True,False,True,False
0,0.7058823529411765,2,0.625,0.522923979008874,0.4338879718300032,0.5,0.5500012925527069,0.8523840081708449,0.2221843768951509,0.36400938347394035,0.5008182222268978,0.5,0.0,0.2033426183844011,0.0,0.10416666666666667,-0.3825176414158401,1,1.172861658082425,0.7032742470021424,2.013407393927571,True,True,False,False,True,False
1,0.607843137254902,1,0.75,0.29082816032466063,-0.2799365702293198,0.75,0.4416329053117725,0.6970331971679874,0.27747439392506085,0.36400938347394035,0.7044959313901413,0.0,0.0,0.48356545961002784,0.5,0.5416666666666666,-0.6972684746466774,0,-2.0171439359679733,-1.0704197674994187,-0.6204755188147992,True,True,False,False,True,False
1,0.5686274509803921,2,0.125,0.2529300683511566,-1.3559969950730735,0.0,0.5363385659736953,-2.901927257731544,0.4531490015360983,0.36400938347394035,0.9743932280470724,0.5,1.0,0.5598885793871867,1.0,0.8749999999999999,-0.6400410504228887,1,0.1784805498311051,1.7728465903124795,-0.6204755188147992,True,False,False,False,False,False
0,0.9803921568627451,3,0.0,0.6542827233728115,-1.2713204121746975,0.0,0.4949479437012622,-1.7367961752101129,0.05836352136162382,-2.74718192826914,0.48203544028154216,1.0,0.5,0.2033426183844011,0.75,0.9374999999999999,0.07530175237446858,1,1.0532434673675006,2.0137918228449574,-0.6204755188147992,True,False,False,True,False,True
1,0.9019607843137255,3,0.0,0.31587265748475946,-1.4946547302430906,0.0,0.4520100406981067,-0.623448696356301,0.02153400655222764,-2.74718192826914,0.5221818246147103,0.0,0.0,0.411142061281337,0.5,0.3333333333333333,1.2675397570367308,0,1.4507002294912068,2.0176982091238456,-0.6204755188147992,True,True,False,False,False,True
0,0.5686274509803921,3,0.0,0.005459882181489767,-1.6995121871575272,0.0,0.3391697774497819,0.8653299090877496,0.0002485212982752602,-2.74718192826914,0.5081914881299083,1.0,0.5,0.5264623955431755,0.5,0.4791666666666667,1.1149332924399613,1,1.8013892528707975,2.0176982091238456,0.9202472164297006,True,False,False,True,False,False
0,0.9803921568627451,2,0.25,0.6833542013040772,-0.3236226972245626,0.25,0.27301351370194615,0.32160207057774853,0.10658696142567112,0.36400938347394035,0.1909956912114739,0.5,1.0,0.8245125348189416,1.0,0.5624999999999999,-0.3443660252666477,1,1.202891478716676,0.951736558264294,-0.6204755188147992,True,True,False,False,False,True
0,0.6470588235294118,3,0.375,0.36965557585336306,-0.6874705642299032,0.25,0.2959174071892411,-1.29663554403535,0.2909812285351357,0.36400938347394035,0.3763396107488058,0.5,0.0,0.28969359331476324,0.5,0.5208333333333333,0.04668804026257429,1,0.08065919505101363,-0.03187016067457821,-0.6204755188147992,True,False,False,False,False,True
1,0.23529411764705888,2,0.125,0.4926927892608633,-1.0395333365109451,0.25,0.9369325413661435,0.08857585407346236,0.06254114549045425,0.36400938347394035,0.9039932207454615,0.5,1.0,0.29526462395543174,0.5,0.7708333333333333,-0.5255862019753116,1,-2.217037214644128,-1.0772856101429964,2.013407393927571,True,True,False,False,True,False
0,0.6274509803921569,1,0.75,0.41005415898168207,0.2708472820579898,0.75,0.40418593623846427,0.9559512155060832,0.25966482806800917,0.36400938347394035,0.4652756084672167,0.0,0.0,0.30993500464252555,0.5,0.5208333333333333,0.4758937219409887,0,-0.6119687607558291,-0.8431915910719809,-0.6204755188147992,True,True,False,False,True,False
0,0.8039215686274509,2,0.5,0.49133192389006325,-0.028737953485201206,0.5,0.3066454339231043,0.8006004045032258,0.1803645102471242,0.36400938347394035,0.29643752814646596,1.0,0.0,0.5515320334261838,0.25,0.8124999999999999,0.46635581790369063,1,0.477685177767305,-0.18724563805203315,0.9202472164297006,False,False,True,False,False,True
0,0.3137254901960784,2,0.0,0.7848478006527227,-1.1851537598284214,0.0,0.41089284299281864,-2.1251732027172565,0.08332737286317146,-2.74718192826914,0.38541461646753233,0.5,1.0,0.07242339832869081,1.0,0.0,0.9337131157312974,1,0.8591483044701209,2.0102069332532913,-0.6204755188147992,False,True,False,False,False,False
0,0.03921568627450983,1,1.0,0.3076531857295009,0.23041221567634654,0.75,0.3540771385960502,-0.6493404981901106,0.5506885927465757,0.36400938347394035,0.5359534953189473,0.5,1.0,0.8105849582172703,1.0,0.375,1.3056913731859232,1,0.26666373411704675,-0.05543370695023778,-0.6204755188147992,True,False,False,False,False,False
0,0.1568627450980392,3,1.0,0.4581944986099422,1.12456225310332,1.0,0.38636866350675647,0.968897116422988,0.34534437225579623,0.36400938347394035,0.3996919554337161,1.0,0.0,0.03899721448467967,0.25,0.5208333333333333,1.486911549894587,1,1.0176438520408015,0.42278687536013076,0.9202472164297006,False,True,False,False,False,False
0,1.0,2,0.75,0.43952344787747805,0.4069854452524675,1.0,0.31670451093396434,0.7747086026694162,0.2719159616993585,0.36400938347394035,0.34103849477686893,0.0,0.0,0.3968430826369545,0.5,0.7083333333333333,-0.039153096073108594,0,-0.009903288802217195,-0.5587678061571583,-0.6204755188147992,False,False,False,False,False,False
1,0.1960784313725491,1,0.5,0.44594511381596497,-0.17850347908501657,0.75,0.2927282580965392,-1.672066670625589,0.4515757823230261,0.36400938347394035,0.310832971183102,0.5,1.0,0.3342618384401114,1.0,0.3125,-1.4698387016678234,1,0.8222786660411202,1.400912748484132,-0.6204755188147992,False,False,False,True,True,False
1,0.9411764705882354,2,0.625,0.3674097032642979,-0.18190354664340602,0.5,0.3494959517266304,0.02384634948893842,0.2811291844666105,0.36400938347394035,0.4469713310351515,0.5,0.0,0.9080779944289694,0.5,0.24999999999999997,0.10391546448636288,1,0.7518296995682866,0.32762595515865384,-0.6204755188147992,True,False,False,False,False,False
0,0.5098039215686275,2,0.625,0.5471376670292905,0.5297671677594075,0.5,0.454018378954073,0.3345479714946534,0.25620005059353707,0.36400938347394035,0.39555509561844826,1.0,0.5,0.3788300835654596,0.5,0.18749999999999997,-0.7735717069450622,1,-0.3266960739807448,-0.68200874867923,0.9202472164297006,False,False,False,True,False,True
0,0.5294117647058824,1,0.875,0.666541800940085,1.9088941722200816,1.0,0.4156221664229141,0.8912217109215592,0.3079178885630498,0.36400938347394035,0.2985454418463284,1.0,0.5,0.35376044568245124,0.5,0.14583333333333331,-0.3634418333412439,1,0.408743033786774,-0.2667294199853209,0.9202472164297006,False,True,False,False,False,False
0,0.019607843137254943,2,0.875,0.3851910958763521,0.42347103178059486,1.0,0.4347701009402643,-0.19623396609844299,0.4165947904088321,0.36400938347394035,0.5313604193662955,0.0,0.0,0.4692664809656453,0.5,0.5416666666666666,-0.9357160755791298,0,-1.396218698777679,-0.9758052370626684,-0.6204755188147992,True,False,False,False,False,False
0,0.0,1,0.375,0.3690603255403435,-0.6890419101931429,0.5,0.40417702318006254,0.11446765590727194,0.167630974082587,0.36400938347394035,0.5146065423807238,0.0,0.0,0.4492107706592387,0.5,0.5208333333333333,-0.5446620100499078,0,1.1574606066422715,0.9541843259965411,-0.6204755188147992,False,False,True,False,False,False
0,0.09803921568627455,2,0.625,0.37705686350978734,-0.1437035844336122,1.0,0.31058073612740433,0.43811517882989165,0.24871872173650886,0.36400938347394035,0.38754132958989584,0.5,0.0,0.8635097493036212,0.0,0.04166666666666667,0.8097203632464222,1,0.7101568015859882,0.14940920648138348,2.013407393927571,False,False,False,False,False,False
0,0.47058823529411764,3,0.625,0.6548232380248636,0.9561708594047575,0.75,0.4875274356383478,0.42516927791298686,0.24963343108504396,0.36400938347394035,0.35651482749520463,0.5,0.0,0.1727019498607242,0.0,0.9166666666666666,-0.468358777751523,1,-0.24875078124811795,-0.652707460562531,2.013407393927571,False,False,False,True,True,False
0,0.6666666666666666,1,0.5,0.5567396703544818,0.18709183300013363,0.5,0.44796721636363673,0.4640069806637012,0.1984238671545173,0.36400938347394035,0.38372627849420465,0.5,0.0,0.0,0.0,0.7291666666666666,0.19929450485934386,1,0.866343570145512,0.35022197098368074,2.013407393927571,False,False,False,True,True,False
0,0.2941176470588236,3,0.0,0.9535910014573369,-1.0737913877267498,0.0,0.3928183134453967,0.8394381072539401,0.0004998667022127479,-2.74718192826914,0.32328699317588894,0.0,0.0,0.44902506963788297,0.5,0.8333333333333333,-1.031095115952111,0,1.7963281899145243,2.0176982091238456,-0.6204755188147992,True,False,True,False,True,False
0,0.05882352941176472,2,0.625,0.4732411037446034,0.23715816644956547,0.75,0.43394868060169306,0.9430053145891784,0.21700879765395895,0.36400938347394035,0.4351404278969858,0.5,1.0,0.8272980501392758,1.0,0.14583333333333331,-1.0024814038402166,1,0.8875889713073406,0.2473996142580331,-0.6204755188147992,False,False,False,False,True,False
0,0.9019607843137255,3,0.75,0.4691598760237278,0.543895735342675,0.5,0.4650872341766288,0.9430053145891784,0.26050830889540566,0.36400938347394035,0.4702967989863729,0.5,0.0,0.04178272980501393,0.5,0.6458333333333333,0.31374935330692105,1,-1.5961119774538344,-1.0359659489405657,-0.6204755188147992,True,True,False,False,False,True
0,0.7254901960784313,1,0.875,0.5526616925634762,1.3076511499925296,0.75,0.48081405839455466,0.2827643678270342,0.3614440679896364,0.36400938347394035,0.4148650728281441,1.0,0.5,0.027855153203342618,0.5,0.375,-1.1741636765115822,1,0.22365679901485108,-0.318756586668769,0.9202472164297006,False,False,False,False,False,True
0,0.8431372549019608,2,0.0,0.2741025062090765,-1.5222210150292363,0.0,0.5219763931264481,-2.9796026632329724,0.23074548541441578,-2.74718192826914,0.5919070236437501,0.0,0.0,0.4449396471680594,0.5,0.22916666666666666,0.9050994036194031,0,0.1784805498311051,1.9892095719073764,-0.6204755188147992,False,False,False,False,True,False
0,0.37254901960784315,1,1.0,0.5699966474407657,1.7886184756027907,0.5,0.41002179535194544,0.9947889182567976,0.34320518191485927,0.36400938347394035,0.3432079111449874,0.5,1.0,0.19220055710306405,0.5,0.9166666666666666,1.2198502368502404,1,-0.6899140534884558,-0.8689246421359359,2.013407393927571,False,False,False,False,True,False
0,0.47058823529411764,2,0.0,0.13857016769638128,-1.6116658201608915,0.0,0.38183302028514826,-0.9212044174451112,0.028510915607689806,-2.74718192826914,0.488051081448697,1.0,1.0,0.5236768802228413,1.0,0.9166666666666666,0.9146373076567013,1,1.3604553509454897,2.0176982091238456,-0.6204755188147992,False,False,True,False,False,False
0,0.11764705882352944,3,0.875,0.43645702908516176,0.6941353739486404,0.75,0.45810196246458074,0.42516927791298686,0.3475073313782991,0.36400938347394035,0.49663615848840126,1.0,1.0,0.7632311977715878,0.75,0.24999999999999997,0.03715013622527619,1,-0.5064580389307003,-0.7691426668812424,0.9202472164297006,False,False,True,False,False,False
1,0.3921568627450981,3,1.0,0.5077393943955244,1.4188374229776313,1.0,0.4168512652335255,0.54168238616513,0.3843959746499211,0.36400938347394035,0.3904633154023301,1.0,0.5,0.7938718662952646,0.5,0.8958333333333333,1.5632147821929718,1,0.7015844322413071,0.11192793332985922,0.9202472164297006,True,False,True,False,True,False
0,0.11764705882352944,1,1.0,0.5412216543397398,1.6177075099286893,1.0,0.46207995358564496,0.6711413953341778,0.37175927127397296,0.36400938347394035,0.40686548721932403,1.0,1.0,0.45125348189415043,1.0,0.9791666666666666,0.2755977371577286,1,-1.7157301681687591,-1.043749936097612,-0.6204755188147992,True,False,True,False,True,False
0,0.5490196078431373,1,0.5,0.35901804224224626,-0.4653418478057196,0.75,0.2865537788148799,0.6452495935003683,0.18835333327532044,0.36400938347394035,0.37476304772621966,0.0,0.0,0.4635097493036212,0.5,0.9166666666666666,-1.2695427168845632,0,-2.4747444723267105,-1.0964675265696189,-0.6204755188147992,True,False,True,False,False,False
1,1.0,2,0.0,0.6137646503417558,-1.2980603857215531,0.0,0.4263374085532504,-0.4292601826027292,0.017664580783707022,-2.74718192826914,0.40314219205846064,1.0,0.5,0.38997214484679665,0.25,0.12499999999999999,0.008536424113381895,1,1.5050081149399106,2.0176982091238456,2.013407393927571,False,True,False,False,False,True
0,0.11764705882352944,1,0.375,0.4233974424762412,-0.5456024067039564,0.5,0.15050458504575476,-0.6105027954393962,0.21700879765395895,0.36400938347394035,0.1680741229324077,0.5,1.0,0.22841225626740946,0.5,0.9583333333333333,0.7143413228734411,1,-0.6500939085150256,-0.7260650962494093,2.013407393927571,True,False,False,False,True,False
0,0.03921568627450983,1,0.75,0.47845809643055065,0.5868503736998579,0.75,0.47017174444205184,0.8782758100046545,0.2647969931023089,0.36400938347394035,0.466514732947001,1.0,0.5,0.45403899721448465,0.75,0.9583333333333333,-0.5351241060126097,1,-1.7157301681687591,-1.0472952756720812,-0.6204755188147992,False,False,False,False,False,True
0,0.5490196078431373,3,1.0,0.5479609825963405,1.6577361937336323,0.75,0.284889630817405,0.9947889182567976,0.34320518191485927,0.36400938347394035,0.24761668105188117,0.0,0.0,0.37270194986072425,0.5,0.3125,-1.631983070301891,0,-0.7752934615873857,-0.8925464782127743,-0.6204755188147992,True,True,False,False,False,True
0,0.5490196078431373,1,0.375,0.7307159424454525,0.26565913116212075,0.5,0.4587493399925041,0.23098076415941504,0.16138647180424018,0.36400938347394035,0.3011889244389476,0.0,0.0,0.2534818941504178,0.5,0.6458333333333333,0.13252917659825716,0,0.6483525898774916,0.1287815886724433,-0.6204755188147992,True,True,False,False,False,False
1,0.7450980392156864,1,0.5,0.42493072517908814,-0.2478458927559153,1.0,0.5948700917344272,0.5028446834144156,0.19619308061817461,0.36400938347394035,0.6616877803871573,0.5,1.0,0.3788300835654596,1.0,0.16666666666666666,-0.6686547625347831,1,-0.9208788548148363,-0.9060740267070713,-0.6204755188147992,True,True,False,False,False,False
0,0.7254901960784313,2,0.5,0.5477452328660276,0.15741235881514837,0.5,0.3054094067849915,0.5546282870820347,0.19328179152226074,0.36400938347394035,0.26559747192064154,1.0,0.5,0.5543175487465182,0.75,0.5208333333333333,-0.42066925756503254,1,-0.1770480626315691,-0.6291136167145556,-0.6204755188147992,False,True,False,False,True,False
0,0.09803921568627455,3,0.5,0.48931217800036947,-0.0354026277430799,0.75,0.32969584288994064,0.6193577916665587,0.18974044732349982,0.36400938347394035,0.3200211467653984,0.5,1.0,0.9554317548746518,1.0,0.9791666666666666,-0.17268375259528196,1,-0.009903288802217195,-0.5398468482315086,-0.6204755188147992,True,False,True,False,False,False
1,0.8823529411764707,3,0.125,0.5286849073256841,-0.9920272132947231,0.25,0.9177344081459482,0.8394381072539401,0.0449880031991469,0.36400938347394035,0.8271846882503218,0.0,0.0,0.42766945218198704,0.5,0.8124999999999999,-0.20129746470717627,0,1.6202243028878476,1.5964736271011355,-0.6204755188147992,False,False,False,False,False,True
0,0.17647058823529416,2,0.375,0.5031250641433527,-0.33513687023106076,0.5,0.6353794625839397,-0.14445036243082382,0.18296570189978326,0.36400938347394035,0.6006518042937989,0.0,0.0,0.44902506963788297,0.5,0.9583333333333333,-0.22037327278177246,0,-0.44244468735918835,-0.6854260495494013,-0.6204755188147992,True,True,False,False,False,True
0,0.7058823529411765,3,1.0,0.3098243669478711,0.2433080894436244,0.75,0.4022213818097735,0.8653299090877496,0.3541428500422486,0.36400938347394035,0.6046296562648878,0.5,1.0,0.9693593314763231,1.0,0.3958333333333333,-1.345845949182948,1,-0.9751867402635405,-0.9351081287223882,-0.6204755188147992,False,False,False,True,True,False
0,0.2549019607843137,2,1.0,0.500208679707438,1.3741082473688593,1.0,0.4462591884522599,0.08857585407346236,0.435394098988569,0.36400938347394035,0.42413463239862265,1.0,0.5,0.07520891364902507,0.75,0.10416666666666667,-0.8689507473180431,1,-0.7315869514707539,-0.8250111849238002,-0.6204755188147992,False,True,False,False,False,True
0,0.4117647058823529,2,0.375,0.440439048420534,-0.5006158554632737,0.5,0.5500551673657367,0.23098076415941504,0.16138647180424018,0.36400938347394035,0.5911375254240445,0.0,0.0,0.40891364902506966,0.5,0.20833333333333331,1.5536768781556738,0,-1.2328939979461229,-0.9627029719296273,-0.6204755188147992,False,False,False,False,False,False
0,0.607843137254902,1,0.25,0.4164425925545816,-0.8520690538792661,0.5,0.10600547966260464,-0.4163142816858244,0.1402449542867,0.36400938347394035,0.12034983225738143,0.0,0.0,0.46945218198700095,0.5,0.5833333333333333,-1.6129072622272949,0,-1.161191279329574,-0.914989891418507,-0.6204755188147992,False,False,False,True,True,False
1,0.33333333333333337,1,0.125,0.6810381986493976,-0.7909355682577061,0.0,0.04579974543911745,0.34749387241155816,0.05575583241496535,0.36400938347394035,0.031241553414955332,0.0,0.0,0.44772516248839367,0.5,0.12499999999999999,1.677669630640549,0,-0.11066171428046011,-0.5669088166832875,-0.6204755188147992,False,True,False,False,False,False
0,0.6862745098039217,2,0.5,0.5633366858925676,0.20886039302535997,0.5,0.6905727960006356,0.6452495935003683,0.18835333327532044,0.36400938347394035,0.5851616984445192,0.0,0.0,0.2778087279480037,0.5,0.5833333333333333,0.11345336852366097,0,-0.15436822439709186,-0.6267444230909756,-0.6204755188147992,False,False,True,False,False,True
0,0.8823529411764707,1,0.875,0.5327028469385661,1.202276147854237,0.75,0.42329311222910154,0.7876545035863209,0.31600768530690665,0.36400938347394035,0.37845640278337955,0.5,1.0,0.49025069637883006,0.5,0.8749999999999999,-0.8307991311688507,1,-0.8696760184384118,-0.9070237765358855,2.013407393927571,False,False,True,False,False,False
0,1.0,1,0.75,0.4198537971398662,0.31611830110236244,0.5,0.4743122791515649,0.3863315751622725,0.30181226120983934,0.36400938347394035,0.5337333798284638,0.0,0.0,0.5140204271123491,0.5,0.0625,1.668131726603251,0,0.5819662415263822,0.009937654688302513,-0.6204755188147992,False,False,False,True,True,False
1,0.1568627450980392,3,1.0,0.5763733519434581,1.826493331751225,0.75,0.4462935343783585,0.9559512155060832,0.34642285602878936,0.36400938347394035,0.3696030742037608,1.0,0.5,0.7103064066852368,0.75,0.4791666666666667,1.4010704135589043,1,-1.5961119774538344,-1.036204893127781,-0.6204755188147992,False,False,True,False,False,False
1,0.4901960784313726,3,0.0,0.09435743755003181,-1.6408440891679468,0.0,0.4184652661960298,-0.09266675876320468,0.011939673229995812,-2.74718192826914,0.5040876518356147,0.5,0.0,0.20055710306406685,0.0,0.04166666666666667,1.391532509521606,1,1.5919829032654311,2.0176982091238456,2.013407393927571,False,False,False,True,False,True
0,0.4117647058823529,1,0.125,0.48184486545290334,-1.053851549296673,0.25,0.33105642766228244,-1.607337166041065,0.1481568105355954,0.36400938347394035,0.32617044122988526,0.0,0.0,0.3829155060352833,0.5,0.22916666666666666,-0.048691000110406696,0,0.7518296995682866,1.1939793677429942,-0.6204755188147992,True,True,False,False,True,False
0,0.8823529411764707,2,0.125,0.2600833350438227,-1.346555373207745,0.0,0.4539669070852778,-1.0765552284479687,0.10953941693979646,0.36400938347394035,0.8039306629854339,0.0,0.0,0.37103064066852365,0.5,0.7083333333333333,0.027612232187978092,0,0.14704554340212264,-0.04255577928633037,-0.6204755188147992,False,False,False,False,False,True
1,0.7254901960784313,2,0.375,0.49003468872513795,-0.3696929353364452,0.25,0.642131657547864,-1.3743109495367787,0.3020851898057387,0.36400938347394035,0.6226965771623241,0.0,0.0,0.4246982358402971,0.5,0.14583333333333331,1.3533808933724136,0,-0.2242066223397858,-0.30257918489579405,-0.6204755188147992,True,False,False,True,False,False
0,0.43137254901960786,1,0.875,0.7009277694533961,2.0904388153178317,1.0,0.3940084219209479,0.5287364852482251,0.3379586581789571,0.36400938347394035,0.2693207692994883,1.0,0.5,0.8412256267409471,0.75,0.7708333333333333,-1.5747556460781025,1,0.7270592985169512,0.14668307137642686,-0.6204755188147992,True,True,False,False,True,False
0,0.3137254901960784,1,1.0,0.5261237345229216,1.5280324213369036,0.75,0.4119763619808046,0.9300594136722736,0.34859784837321,0.36400938347394035,0.3727983077690302,0.0,0.0,0.4289693593314763,0.5,0.8333333333333333,1.6109043023794625,0,0.23822306727982706,-0.411527994951375,-0.6204755188147992,False,False,False,True,True,False
1,0.4901960784313726,2,0.5,0.25976313142716384,-0.7928591124540858,0.5,0.42242564425236895,0.03679225040584321,0.22600869653149966,0.36400938347394035,0.7490738324080006,0.0,0.0,0.44103992571959144,0.5,0.7708333333333333,-1.6987483985629777,0,0.4206081842080051,-0.08057752484048693,-0.6204755188147992,True,False,False,False,False,False
0,0.9019607843137255,3,0.75,0.35801520673952364,0.030444895768199164,0.75,0.4752711920440236,1.0077348191737023,0.2563371228859519,0.36400938347394035,0.6227902188089984,1.0,1.0,0.4568245125348189,0.75,0.2916666666666667,-0.6877305706093793,1,0.2088497551106192,-0.4436901412086291,0.9202472164297006,False,False,True,False,False,False
0,0.7254901960784313,3,0.25,0.6289674801754278,-0.43130053396415496,0.25,0.5021539913609877,0.6581954944172731,0.09500425133179477,0.36400938347394035,0.381995599189555,0.0,0.0,0.5381615598885794,0.5,0.08333333333333333,-1.145549964399688,0,1.4764541195225593,1.3577073005685598,-0.6204755188147992,False,False,True,False,False,True
0,0.019607843137254943,2,0.75,0.5028457656590418,0.6995131700469696,0.75,0.5156659925227732,0.476952881580606,0.29434126208319755,0.36400938347394035,0.4876705662734066,1.0,0.0,0.21448467966573814,0.5,0.8124999999999999,0.4854316259782868,1,0.8945602575440207,0.3866778490979548,-0.6204755188147992,True,False,False,True,False,True
0,0.09803921568627455,1,0.0,0.19335372236704365,-1.5755113169204875,0.0,0.44795699782705084,-0.8435290119436825,0.026551478164381394,-2.74718192826914,0.520490823072224,0.5,0.0,0.6155988857938719,0.5,0.3125,0.9623268278431917,1,1.3848879316310387,2.0176982091238456,-0.6204755188147992,False,False,False,False,True,False
0,0.11764705882352944,3,0.0,0.05221782056281943,-1.6686542035001122,0.0,0.3516352835228204,-0.33863887618439564,0.016011056055549942,-2.74718192826914,0.5217994994204841,0.5,0.0,0.9220055710306407,0.5,0.9374999999999999,1.763510766976232,1,1.5292673936548873,2.0176982091238456,-0.6204755188147992,True,True,False,False,True,False
0,0.23529411764705888,2,0.25,0.5323590385681152,-0.6225712667309237,0.5,0.6555207096676913,0.8912217109215592,0.08797653958944282,0.36400938347394035,0.5867460316154713,0.5,0.0,0.743732590529248,0.5,0.5624999999999999,-0.8117233230942545,1,-0.8696760184384118,-0.9117592033828777,-0.6204755188147992,True,True,False,False,False,True
0,0.5098039215686275,1,0.0,0.6920092776945339,-1.2464227063088813,0.0,0.38799655351714996,-0.6752323000239202,0.022649279341111876,-2.74718192826914,0.34983531490350445,0.0,0.0,0.37437325905292484,0.5,0.24999999999999997,-0.14407004048338767,0,1.4356443160867067,2.0176982091238456,-0.6204755188147992,True,True,False,False,False,False
0,0.1960784313725491,1,0.625,0.4498108198717817,0.14438102418897067,0.5,0.5436225771964539,-0.33863887618439564,0.31600768530690665,0.36400938347394035,0.5725102123388817,0.0,0.0,0.5760445682451253,0.5,0.8333333333333333,0.6475759946123545,0,-0.4738796937881716,-0.6772960594452427,-0.6204755188147992,True,False,False,True,False,True
0,0.27450980392156865,3,0.0,0.7844783349411933,-1.1853975893744415,0.0,0.4706371595466203,-0.8823667146943968,0.02751777608162937,-2.74718192826914,0.40423885903233814,0.5,0.0,0.22005571030640667,0.0,0.20833333333333331,1.2389260449248365,1,1.3727549367585805,2.0176982091238456,2.013407393927571,False,False,True,False,False,True
0,0.1568627450980392,1,0.5,0.4558344793612347,-0.14587095817601203,0.5,0.3735748543881961,0.12741355682417674,0.2196451316685921,0.36400938347394035,0.38838466957239637,1.0,1.0,0.520891364902507,1.0,0.7499999999999999,-1.4030733734067367,1,-0.4120754820796742,-0.7010119454940357,-0.6204755188147992,False,False,False,True,False,False
0,0.13725490196078433,2,0.875,0.43980274636178895,0.7117994699491975,0.75,0.3272992543093343,0.17919716049179588,0.3722196782961974,0.36400938347394035,0.35223145782830084,0.5,1.0,0.8635097493036212,1.0,0.04166666666666667,1.1053953884026633,1,0.16290092652542276,-0.34978999417602846,-0.6204755188147992,False,False,False,True,False,True
0,0.8823529411764707,2,0.875,0.2801576387035858,-0.13106508629824437,0.5,0.46663705190142324,0.8006004045032258,0.31497617827223146,0.36400938347394035,0.7708591451188891,0.0,0.0,0.5140204271123491,0.5,0.14583333333333331,-0.6114273383109945,0,-1.4906012556287052,-1.020528900577908,-0.6204755188147992,True,False,False,True,False,False
0,0.09803921568627455,2,0.125,0.550411543750898,-0.9633501494655979,0.0,0.6970089096308868,-1.1283388321155878,0.1126099706744868,0.36400938347394035,0.6040735378659314,0.5,0.0,0.17827298050139276,0.5,0.7708333333333333,0.32328725734421915,1,0.9992990656975538,1.3332787287448116,-0.6204755188147992,False,True,False,False,True,False
1,0.9215686274509803,2,1.0,0.7143231821488765,2.645855428979521,1.0,0.4514857877802395,0.9300594136722736,0.34859784837321,0.36400938347394035,0.3030868146037527,1.0,0.5,0.6601671309192201,0.75,0.9583333333333333,1.677669630640549,1,-0.029168671324731745,-0.5877124819849627,-0.6204755188147992,True,False,False,False,False,False
0,0.823529411764706,1,0.75,0.5518615500552733,0.9259495417841725,0.5,0.36605555753076685,-0.5587191917717771,0.40526897745300705,0.36400938347394035,0.3161435221712823,1.0,0.0,0.12534818941504178,0.5,0.6874999999999999,0.6094243784631621,1,0.6110219483880767,0.33993607584767205,-0.6204755188147992,True,False,False,True,False,True
0,0.05882352941176472,2,0.625,0.6111270756788932,0.7831467043318159,0.75,0.4219551090877352,0.34749387241155816,0.2552440368343388,0.36400938347394035,0.32999653484811203,0.5,0.0,0.37604456824512533,0.5,0.7708333333333333,-0.05822890414770479,1,0.4323182301772069,-0.14048745516105987,-0.6204755188147992,True,True,False,False,False,False
0,0.1960784313725491,3,0.125,0.426178698249143,-1.127325519164021,0.25,0.3486635553669919,0.45106107974679643,0.053277718074352005,0.36400938347394035,0.3867743828853068,0.0,0.0,0.45459610027855146,0.5,0.8541666666666666,-1.5556798380035062,0,0.6483525898774916,0.07080909520206045,-0.6204755188147992,True,False,False,True,True,False
0,0.9803921568627451,1,0.625,0.5105229308209666,0.3847834104787613,0.5,0.4400226458643926,1.0077348191737023,0.21343349536014142,0.36400938347394035,0.410011968691083,1.0,0.5,0.5264623955431755,0.75,0.4791666666666667,1.496449453931885,1,0.6929292367895488,-0.005435628504408945,-0.6204755188147992,True,False,False,True,False,True
0,0.5294117647058824,1,0.5,0.35810669348714047,-0.4683490788732991,0.75,0.2588150872343505,-0.26096347068296694,0.249266862170088,0.36400938347394035,0.3393734129652421,0.0,0.0,0.3754874651810585,0.5,0.3541666666666667,0.6571138986496525,0,1.1417901354322,1.1000382083322422,-0.6204755188147992,True,True,False,False,False,True
0,0.4901960784313726,1,0.25,0.537326299800899,-0.6127368083747853,0.25,0.5628174798255261,-0.7917454082760632,0.1638855007396258,0.36400938347394035,0.49917698580556774,0.5,0.0,0.49860724233983283,0.5,0.49999999999999994,0.8955614995821051,1,-0.4738796937881716,-0.6122618056165435,-0.6204755188147992,False,False,False,False,False,True
0,0.05882352941176472,2,0.75,0.6084337879325461,1.1872941768598995,0.5,0.28857240933769773,0.4898987824975108,0.2933002481389578,0.36400938347394035,0.22638985444299162,1.0,1.0,0.06406685236768803,1.0,0.24999999999999997,0.32328725734421915,1,0.2088497551106192,-0.36688751391040797,-0.6204755188147992,False,False,False,False,False,True
0,0.27450980392156865,1,0.125,0.4701759067304337,-1.0692534489536005,0.25,0.6107127704709375,-0.7917454082760632,0.09459424389484336,0.36400938347394035,0.6163280447242254,0.5,0.0,0.9442896935933148,0.5,0.7916666666666666,-1.050170924026707,1,1.3808618315485128,1.9680837538211415,-0.6204755188147992,False,False,True,False,False,True
0,0.3529411764705882,2,0.125,0.6236683839980295,-0.8666581883827937,0.25,0.42042851081883753,0.06268405223965279,0.06327079901980476,0.36400938347394035,0.3223328188754366,0.0,0.0,0.34744661095636026,0.5,0.4375,-0.954791883653726,0,1.45813434485751,1.6060362979860185,-0.6204755188147992,True,False,False,True,False,False
0,0.09803921568627455,2,0.875,0.5053983045629015,1.0581187018128806,1.0,0.4703080607421069,0.7488168008356065,0.319138084916486,0.36400938347394035,0.4425656717667792,0.5,1.0,0.16991643454038996,0.5,0.6041666666666666,-0.5160482979380135,1,-1.3108392906787496,-0.993736274839375,2.013407393927571,True,False,True,False,True,False
0,0.07843137254901966,1,0.625,0.4082254014518633,-0.02028519588984258,1.0,0.5714264540121469,0.14035945774108152,0.2713102009486508,0.36400938347394035,0.6605269239579936,0.0,0.0,0.37307335190343544,0.5,0.6041666666666666,-0.3634418333412439,0,-1.396218698777679,-0.9884421879068921,-0.6204755188147992,False,True,False,False,False,False
0,0.33333333333333337,1,0.5,0.6171883659352614,0.3865579477303509,0.75,0.35660765967000185,0.7099790980848922,0.18495652621289294,0.36400938347394035,0.27607602709148876,0.5,0.0,0.22841225626740946,0.0,0.7499999999999999,0.5903485703885659,1,0.193793841706119,-0.41288224954671215,2.013407393927571,False,False,False,True,False,True
0,0.09803921568627455,2,0.125,0.14518976169461606,-1.4982038047462702,0.25,0.023313534153585,-0.2998011734336813,0.07464676086376967,0.36400938347394035,0.07541527590246777,0.5,1.0,0.4456824512534819,1.0,0.9166666666666666,1.4010704135589043,1,-1.0948049309784653,-0.9055237643271216,-0.6204755188147992,False,True,False,False,False,False
0,0.5882352941176471,1,0.625,0.40675095958455626,-0.02612355890843155,1.0,0.3269840573985178,-0.23507166884915734,0.3053014858986797,0.36400938347394035,0.37938324596356693,0.5,1.0,0.8551532033426185,1.0,0.8749999999999999,-1.5938314541526986,1,0.7270592985169512,0.3825864721577846,-0.6204755188147992,True,False,True,False,False,True
0,0.47058823529411764,1,0.875,0.3800108787126172,0.39612148436868927,1.0,0.4341265089229336,0.6193577916665587,0.3299776775944325,0.36400938347394035,0.5374843842975416,0.0,0.0,0.41541318477251626,0.5,0.2916666666666667,-1.5938314541526986,0,0.5917565658655621,-0.033455929903856034,-0.6204755188147992,False,True,False,False,True,False
0,0.05882352941176472,2,1.0,0.4053905503442644,0.8109297264922013,1.0,0.4908277938474985,0.4640069806637012,0.39235357671390825,0.36400938347394035,0.5711939462570201,0.5,0.0,0.9637883008356546,0.5,0.7083333333333333,-1.5556798380035062,1,0.7916498445417169,0.24757216688944997,-0.6204755188147992,False,True,False,False,False,False
1,0.09803921568627455,2,0.25,0.4459177459854813,-0.7937125158651557,0.25,0.34538841496994355,0.9171135127553688,0.08723930601746427,0.36400938347394035,0.366780263447712,1.0,0.0,0.7883008356545962,0.5,0.10416666666666667,1.6395180144913566,1,0.08065919505101363,-0.5192693321429946,-0.6204755188147992,True,False,False,False,True,False
0,0.7843137254901961,1,0.5,0.4097456844352305,-0.2979528644630171,0.5,0.5947409847809112,0.30865616966084375,0.20777739012361976,0.36400938347394035,0.6850250397146562,1.0,0.5,0.052924791086350974,0.5,0.20833333333333331,-0.5732757221618021,1,0.252556265227251,-0.2991040657210237,0.9202472164297006,True,False,False,True,False,False
0,0.7058823529411765,2,0.875,0.5354917999137914,1.217000743216665,0.75,0.5301661890771078,0.5546282870820347,0.33564382831245,0.36400938347394035,0.4717483095201494,1.0,0.5,0.3844011142061281,0.75,0.5624999999999999,-0.8689507473180431,1,-0.8696760184384118,-0.8955526031305027,-0.6204755188147992,False,False,False,True,False,True
0,0.9607843137254902,2,0.25,0.3741866622878137,-0.9357296803358924,0.5,0.3134751478518783,-0.442206083519634,0.1417013434098733,0.36400938347394035,0.394018597171995,0.5,0.0,0.40947075208913647,0.0,0.6041666666666666,1.191236524738346,1,1.0356204906200555,0.9869695040676861,2.013407393927571,False,False,False,True,False,True
0,0.47058823529411764,3,1.0,0.4661311694502031,1.1717026320005124,0.75,0.42158418821412463,0.7488168008356065,0.3645288792553869,0.36400938347394035,0.4289631587163759,1.0,0.5,0.3231197771587744,0.75,0.3125,0.514045338090181,1,-0.029168671324731745,-0.5673149133171473,-0.6204755188147992,True,True,False,False,False,False
0,0.6470588235294118,1,0.25,0.44196309448059273,-0.8015421535095744,0.0,0.5062814847239422,-0.1832880651815382,0.12809770874287008,0.36400938347394035,0.5422887332501289,1.0,0.0,0.1532033426183844,0.0,0.5624999999999999,0.3995904896426039,1,1.4125750817320106,1.6389526738108566,2.013407393927571,True,False,False,False,False,False
0,0.3529411764705882,1,0.125,0.3277674008087193,-1.2572189367632096,0.25,0.43366567670767925,0.6840872962510827,0.048128342245989296,0.36400938347394035,0.6180196937468265,0.0,0.0,0.5129062209842155,0.5,0.49999999999999994,-0.8880265553926393,0,0.5208648982419061,-0.12197232804030098,-0.6204755188147992,True,False,True,False,True,False
0,0.6470588235294118,1,1.0,0.45763801939010784,1.1212570081461604,1.0,0.4952849876738118,0.9818430173398928,0.34427183054215843,0.36400938347394035,0.5130003198665272,0.5,1.0,0.5013927576601672,0.5,0.9791666666666666,0.3805146815680077,1,-0.38270216991046674,-0.7631704522232484,2.013407393927571,True,False,False,True,True,False
0,0.27450980392156865,1,0.875,0.5745345758328373,1.4231315322047606,1.0,0.46322602487296927,0.08857585407346236,0.3821293913459812,0.36400938347394035,0.3848495813341077,0.5,1.0,0.5626740947075209,0.5,0.6041666666666666,0.13252917659825716,1,-0.8696760184384118,-0.8685253276927488,2.013407393927571,False,True,False,False,False,True
1,0.9607843137254902,1,0.125,0.5783164679077978,-0.9265183419306938,0.25,0.8549851506151888,0.21803486324251026,0.059036888408705045,0.36400938347394035,0.7064198669301804,0.0,0.0,0.43584029712163413,0.5,0.9166666666666666,0.9337131157312974,0,1.2175371307169562,1.0232110974940525,-0.6204755188147992,False,False,False,False,True,False
0,0.13725490196078433,2,0.375,0.5537931813050351,-0.20138281815322265,0.5,0.21795955317603125,0.4640069806637012,0.1499414397646696,0.36400938347394035,0.18734522951352378,1.0,1.0,0.8272980501392758,0.75,0.2708333333333333,-0.21083536874447437,1,-0.8696760184384118,-0.8907559641068078,0.9202472164297006,False,False,False,False,True,False
0,0.8431372549019608,1,0.625,0.36714970887470316,-0.18293304917104583,0.75,0.3222853307367408,0.29571026874393896,0.259105098855359,0.36400938347394035,0.4124958441891905,0.0,0.0,0.37845868152274836,0.5,0.5416666666666666,0.2565219290831324,0,0.477685177767305,-0.08237556881554314,-0.6204755188147992,False,False,False,True,False,True
0,0.9019607843137255,1,1.0,0.5818127082520851,1.8588007465988692,0.75,0.4266037526220367,0.42516927791298686,0.39644428152492667,0.36400938347394035,0.35004386994977305,0.0,0.0,0.46165273909006493,0.5,0.9791666666666666,0.24698402504583436,0,-0.24875078124811795,-0.652707460562531,-0.6204755188147992,False,False,False,False,False,True
0,0.9411764705882354,3,0.125,0.6006075658367371,-0.8970962433776188,0.0,0.788205345778532,0.7488168008356065,0.04679331888308045,0.36400938347394035,0.6276881326070016,0.5,1.0,0.25069637883008355,1.0,0.6041666666666666,-1.5747556460781025,1,0.3967186148505084,-0.2528157520183966,-0.6204755188147992,True,False,False,False,False,False
0,0.6470588235294118,2,0.375,0.47613867279706057,-0.40637573592655923,0.25,0.5764366255510647,0.8394381072539401,0.1339642761930152,0.36400938347394035,0.5746978004030492,1.0,0.0,0.8245125348189416,0.25,0.18749999999999997,-1.4221491814813327,1,-1.5961119774538344,-1.0340061328506225,0.9202472164297006,True,True,False,False,True,False
1,0.33333333333333337,1,0.125,0.27193702662205704,-1.3309096440047976,0.25,0.24529062367416202,0.06268405223965279,0.06327079901980476,0.36400938347394035,0.4175154871032755,0.0,0.0,0.5719591457753018,0.5,0.3958333333333333,1.4296841256707986,0,-0.048857502571963134,-0.4870954385938207,-0.6204755188147992,False,False,True,False,False,False
0,0.5686274509803921,1,0.25,0.4029023584227919,-0.8788767578555717,0.5,0.14604771681988094,-0.10561265968010947,0.12439693501087884,0.36400938347394035,0.17115532753682366,1.0,0.5,0.3286908077994429,0.5,0.8958333333333333,1.2389260449248365,1,-1.3108392906787496,-0.9637276915325823,0.9202472164297006,True,False,False,False,True,False
0,0.23529411764705888,1,0.875,0.6470807077320962,1.806147110744448,0.75,0.4292754163826084,0.6452495935003683,0.32775829511734555,0.36400938347394035,0.31747430214838995,1.0,0.5,0.4289693593314763,0.75,0.12499999999999999,-0.43974506563962873,1,-0.4738796937881716,-0.7738362738893962,-0.6204755188147992,False,False,True,False,False,True
0,0.9019607843137255,1,0.625,0.38094309543846677,-0.12831523086257487,0.25,0.5619714858881181,0.8782758100046545,0.2206848126884474,0.36400938347394035,0.6940057539784215,0.5,1.0,0.0055710306406685246,0.5,0.6874999999999999,-0.468358777751523,1,0.6483525898774916,-0.027596683344042534,2.013407393927571,False,False,False,False,False,True
0,0.6274509803921569,2,1.0,0.448960136474248,1.069714151334719,0.75,0.47156406871925616,0.7358708999187018,0.3657164291072768,0.36400938347394035,0.49751928798990025,1.0,1.0,0.002785515320334262,1.0,0.5416666666666666,-1.4698387016678234,1,-0.5064580389307003,-0.7929063497570005,-0.6204755188147992,False,False,False,False,False,True
1,0.6666666666666666,3,0.625,0.5138823320128355,0.398085666822739,0.75,0.4475502175664289,-0.09266675876320468,0.2915793883535819,0.36400938347394035,0.41438999001165294,1.0,0.5,0.15877437325905291,0.5,0.4583333333333333,0.09437756044906478,1,-0.009903288802217195,-0.4339151943666278,0.9202472164297006,False,False,False,False,True,False
0,1.0,3,0.375,0.555671298671976,-0.19642495071748367,0.5,0.33570423210046985,0.20508896232560547,0.16274208065967888,0.36400938347394035,0.28794009297749446,0.0,0.0,0.40649953574744657,0.5,0.9374999999999999,-1.155087868436986,0,0.3209716195657513,-0.21761039839267582,-0.6204755188147992,True,False,False,True,False,True
0,0.4509803921568628,1,0.25,0.3491314134800248,-0.9853354468650644,0.5,0.4861851340822562,-0.10561265968010947,0.12439693501087884,0.36400938347394035,0.6524797074652917,0.0,0.0,0.4479108635097493,0.5,0.9166666666666666,1.3056913731859232,0,1.2600899951358864,1.2608250086139998,-0.6204755188147992,False,False,False,True,False,True
0,0.4901960784313726,3,0.625,0.6920298035673966,1.1034980895443731,0.5,0.4259860485467792,0.7358708999187018,0.2291481961399441,0.36400938347394035,0.29495058833642496,0.0,0.0,0.3039925719591458,0.5,0.49999999999999994,-0.32529021719205153,0,1.3848879316310387,1.1358185807998882,-0.6204755188147992,False,False,False,True,False,False
1,0.9019607843137255,3,0.5,0.5891418132556085,0.29401108892988587,0.75,0.2369070430229499,0.8523840081708449,0.17782226911350552,0.36400938347394035,0.19168542867921065,0.5,1.0,0.0947075208913649,1.0,0.5624999999999999,-0.5923515302363983,1,0.13090446237799278,-0.47772849368968723,-0.6204755188147992,False,False,True,False,False,False
0,0.9803921568627451,3,1.0,0.3734112404241101,0.6209865101426524,0.75,0.4759956752494823,-0.8823667146943968,0.5995661430924356,0.36400938347394035,0.5992123967841185,1.0,0.0,0.04456824512534819,0.5,0.3541666666666667,-0.30621440911745534,1,-0.7315869514707539,-0.7276371596078056,-0.6204755188147992,True,False,True,False,True,False
0,0.8431372549019608,3,0.125,0.5709989942322298,-0.9361767011702623,0.25,0.4046033092914722,0.36043977332846294,0.05543918447144253,0.36400938347394035,0.33808349932924653,0.5,1.0,0.626740947075209,0.5,0.24999999999999997,1.1053953884026633,1,1.6294436545242046,1.8525370888415245,2.013407393927571,False,False,False,True,False,True
0,0.8039215686274509,3,0.0,0.9605082206120815,-1.0692263567818205,0.0,0.393856330522091,-0.6622863991070154,0.022366916844773592,-2.74718192826914,0.32308543743637397,1.0,0.5,0.5459610027855154,0.75,0.24999999999999997,1.496449453931885,1,1.4394320839307648,2.0176982091238456,-0.6204755188147992,True,False,True,False,True,False
0,0.9019607843137255,2,1.0,0.2784722364763006,0.057090046713824893,0.5,0.3423460755826707,0.9430053145891784,0.3475073313782991,0.36400938347394035,0.5691943845038703,0.5,1.0,0.6406685236768803,1.0,0.9166666666666666,1.7158212467897414,1,-1.033000719269968,-0.9502827878671055,-0.6204755188147992,True,True,False,False,True,False
1,0.0,2,1.0,0.5678254662223956,1.7757226018355134,1.0,0.3452242010390242,0.6840872962510827,0.37053648438847675,0.36400938347394035,0.28993685273745035,0.5,0.0,0.8245125348189416,0.0,0.6874999999999999,-1.1741636765115822,1,0.7436487681850255,0.12782190565547774,2.013407393927571,False,False,True,False,False,False
1,0.23529411764705888,2,0.5,0.2644266097415792,-0.7774707588830483,0.5,0.19875753343146751,-0.9729880211127303,0.32534720301001496,0.36400938347394035,0.3476747448186522,1.0,1.0,0.04456824512534819,0.75,0.2708333333333333,0.6571138986496525,1,0.08065919505101363,-0.14720813272316563,0.9202472164297006,True,True,False,False,False,False
0,0.17647058823529416,3,0.0,0.9999999999999999,-1.0431636875294648,0.0,0.28798428767848744,0.6970331971679874,0.001934967879533206,-2.74718192826914,0.21666940841549073,0.0,0.0,0.36378830083565455,0.5,0.5624999999999999,1.3438429893351156,0,1.767969380413721,2.0176982091238456,-0.6204755188147992,True,False,False,True,False,False
0,0.3529411764705882,2,0.5,0.42291508446396675,-0.254497020927904,0.5,0.6109570987809542,0.10152175499036716,0.22143247676325858,0.36400938347394035,0.6826852523655325,0.5,1.0,0.16713091922005568,1.0,0.24999999999999997,-1.4698387016678234,1,0.7679707805924156,0.3247759436464465,-0.6204755188147992,False,True,False,False,True,False
0,0.07843137254901966,3,0.25,0.6026601531230116,-0.4833852342111965,0.5,0.1655318108022281,-0.07972085784629988,0.12319846380229804,0.36400938347394035,0.13072950920794993,1.0,1.0,0.2757660167130919,0.75,0.6874999999999999,-0.029615192035810495,1,1.322509669431601,1.3797324434409781,0.9202472164297006,False,False,False,True,False,True
0,0.13725490196078433,3,0.875,0.5417008764547713,1.2497822710704594,0.75,0.2173481549669759,0.6323036925834635,0.3288646837033933,0.36400938347394035,0.19090686065530785,0.0,0.0,0.4778087279480037,0.5,0.08333333333333333,-0.33482812122934963,0,-1.3108392906787496,-0.9903263628362726,-0.6204755188147992,True,False,False,True,False,False
0,0.05882352941176472,2,0.5,0.4185061269730495,-0.26904551717376163,0.75,0.47448644576663057,0.3345479714946534,0.20616866386216073,0.36400938347394035,0.535579517236785,0.0,0.0,0.5322191272051996,0.5,0.8124999999999999,-0.4492829696769268,0,0.9549745453732735,0.5231273423717011,-0.6204755188147992,False,False,False,True,False,False
0,0.9411764705882354,1,0.5,0.49608982121964734,-0.013038039938693584,0.5,0.31141030115048046,0.45106107974679643,0.19917669987796216,0.36400938347394035,0.2982449204949191,1.0,0.5,0.7771587743732591,0.5,0.18749999999999997,0.3900525856053058,1,1.202891478716676,0.8998604419093422,0.9202472164297006,True,False,True,False,False,False
0,0.23529411764705888,3,0.625,0.31194879478916504,-0.40151269109205,0.5,0.33130968601893446,0.8912217109215592,0.21994134897360704,0.36400938347394035,0.4950433474378149,1.0,0.0,0.20612813370473537,0.5,0.7291666666666666,1.496449453931885,1,0.13090446237799278,-0.4827887401432539,-0.6204755188147992,False,False,False,False,False,True
0,0.7254901960784313,3,0.75,0.4199095102233508,0.31637567673427247,0.75,0.4756996050683409,0.36043977332846294,0.3040078201368524,0.36400938347394035,0.5352259312620358,1.0,0.5,0.6183844011142061,0.5,0.10416666666666667,0.800182459209124,1,-0.7752934615873857,-0.8577917382658308,0.9202472164297006,False,False,False,False,True,False
0,0.8823529411764707,2,0.375,0.5569592971941131,-0.19302488315909425,0.5,0.5681565811525923,-0.9600421201958255,0.25009293296435503,0.36400938347394035,0.4866661955252378,1.0,0.0,0.030640668523676882,0.5,0.4166666666666667,0.6380380905750563,1,0.2805524737271681,0.06645611539767264,-0.6204755188147992,False,True,False,False,True,False
0,0.9411764705882354,3,0.875,0.4722259282826002,0.8829813573410996,0.75,0.47715699570848985,-0.39042247985201484,0.44347707018724963,0.36400938347394035,0.4794823454268748,0.0,0.0,0.40705663881151344,0.5,0.7083333333333333,-0.0105393839612143,0,-1.033000719269968,-0.8830097300457448,-0.6204755188147992,True,False,False,False,False,True
0,0.8823529411764707,3,0.0,0.06504649110203412,-1.6601878998188635,0.0,0.43989292654494044,0.5805200889158443,0.0031798749249196193,-2.74718192826914,0.5984627026559918,0.0,0.0,0.37753017641597025,0.5,0.3125,-1.345845949182948,0,1.7440798110562243,2.0176982091238456,-0.6204755188147992,True,False,False,True,True,False
1,0.3529411764705882,3,0.5,0.6313347975122642,0.4332377597072833,0.75,0.4592875053281933,0.2568725659932246,0.2110577244548034,0.36400938347394035,0.34802677897008616,0.5,1.0,0.0584958217270195,1.0,0.3958333333333333,-0.24898698489366675,1,-0.38270216991046674,-0.7006507704963183,-0.6204755188147992,True,False,False,False,False,True
0,1.0,2,0.5,0.6563065744370778,0.5156386001761397,0.5,0.29815657810198604,0.32160207057774853,0.20697044890593277,0.36400938347394035,0.2171571265879322,1.0,0.5,0.3398328690807799,0.5,0.6249999999999999,-0.29667650508015725,1,-1.396218698777679,-0.9943892553781197,0.9202472164297006,False,True,False,False,False,False
1,0.9607843137254902,1,0.625,0.48892629159054984,0.29926697025520516,0.5,0.41456012269033116,0.6581954944172731,0.23399677245831094,0.36400938347394035,0.40278289185021715,0.0,0.0,0.43249767873723305,0.5,0.08333333333333333,-0.7449579948331678,0,0.5620586275792097,-0.07387569132244866,-0.6204755188147992,True,False,False,True,False,True
0,0.13725490196078433,1,1.0,0.4507276421929842,1.0802123678994675,1.0,0.41950458843701177,0.8523840081708449,0.355270700240087,0.36400938347394035,0.44091372627051895,1.0,0.5,0.04456824512534819,0.5,0.10416666666666667,-0.17268375259528196,1,0.08065919505101363,-0.5112872675479692,0.9202472164297006,False,False,True,False,True,False
0,0.5098039215686275,2,0.625,0.5146041585418419,0.4009438909455284,0.75,0.5085742647852921,0.7876545035863209,0.22600869653149966,0.36400938347394035,0.47031294690588804,0.5,1.0,0.7632311977715878,1.0,0.020833333333333332,-0.10591842433419528,1,-0.38270216991046674,-0.7483136751086813,-0.6204755188147992,False,False,False,True,False,False
0,0.9607843137254902,3,0.75,0.5978864215486478,1.1385689059135777,1.0,0.4267212083460981,0.7617627017525114,0.272828979709457,0.36400938347394035,0.3409515027267666,0.5,0.0,0.3064066852367688,0.0,0.7916666666666666,-1.0024814038402166,1,-0.38270216991046674,-0.7462395883244174,2.013407393927571,True,False,False,True,False,False
0,0.9019607843137255,1,0.125,0.5429196001559966,-0.9732387921652962,0.0,0.7646796775562156,0.36043977332846294,0.05543918447144253,0.36400938347394035,0.6716424980367923,0.5,1.0,0.7688022284122563,1.0,0.4375,1.5155252620064814,1,1.1204604191721435,0.787095105060276,-0.6204755188147992,False,True,False,False,False,False
1,0.5686274509803921,2,0.5,0.40796814384531693,-0.303818319653386,0.75,0.3469381562291231,0.45106107974679643,0.19917669987796216,0.36400938347394035,0.4013669702491233,0.5,0.0,0.47075208913649025,0.5,0.20833333333333331,-0.6018894342736963,1,0.4552888672327596,-0.13969541174938585,-0.6204755188147992,True,False,True,False,False,False
0,0.05882352941176472,2,0.625,0.3677141703784285,-0.1806979449991964,0.25,0.43011149281840266,0.8006004045032258,0.22523506625549325,0.36400938347394035,0.549502097498948,0.0,0.0,0.5051067780872797,0.5,0.2916666666666667,-0.33482812122934963,0,0.3596454998140551,-0.29424335631230447,-0.6204755188147992,False,False,False,True,False,True
0,0.1960784313725491,3,0.375,0.7843500482358012,0.4072428208843775,0.5,0.21069654454393072,-0.11855856059701425,0.18133293951349186,0.36400938347394035,0.12827955483019415,1.0,0.5,0.6852367688022285,0.75,0.24999999999999997,-0.32529021719205153,1,0.5416985293388166,0.09847050690079898,-0.6204755188147992,True,False,True,False,True,False
0,0.3921568627450981,3,0.75,0.5548348693528192,0.9396852728766302,0.75,0.33999552822204815,-1.7367961752101129,0.6724742682996953,0.36400938347394035,0.2920578466703392,0.5,1.0,0.7827298050139276,1.0,0.6666666666666666,-0.8975644594299375,1,-1.0948049309784653,-0.754784662444357,-0.6204755188147992,False,False,False,True,True,False
0,0.823529411764706,2,1.0,0.46826357957538806,1.1843682223076601,1.0,0.3288270032433373,0.9818430173398928,0.34427183054215843,0.36400938347394035,0.33306918451248724,1.0,0.5,0.41225626740947074,0.75,0.9374999999999999,-0.6305031463855907,1,0.2088497551106192,-0.44022301602804476,-0.6204755188147992,False,False,False,True,False,False
0,0.019607843137254943,2,0.875,0.30198177302489787,-0.01584207971792304,0.75,0.36054045853390276,1.0077348191737023,0.2992407504117623,0.36400938347394035,0.5553780739346115,1.0,0.5,0.17827298050139276,0.25,0.2708333333333333,0.5426590502020754,1,-0.1770480626315691,-0.6741159334478382,2.013407393927571,True,True,False,False,False,True
1,0.3921568627450981,2,0.5,0.407294895215419,-0.3060398777393455,0.25,0.5555159966813689,-0.6752323000239202,0.289199475884445,0.36400938347394035,0.6435467824725223,0.0,0.0,0.43844011142061284,0.5,0.7916666666666666,-0.43020716160233063,0,-1.2328939979461229,-0.9161403514420683,-0.6204755188147992,True,False,False,True,True,False
1,0.3137254901960784,1,0.875,0.43035058190849557,0.6618956895304454,1.0,0.4535615143153288,0.34749387241155816,0.3549881390440256,0.36400938347394035,0.4984223370311663,1.0,1.0,0.45125348189415043,0.75,0.020833333333333332,-0.7258821867585716,1,-2.8379624518344215,-1.108882034158397,0.9202472164297006,False,False,False,True,False,True
0,0.823529411764706,3,1.0,0.6143986717479605,2.0523472217951575,0.75,0.3928960870191535,-0.20917986701534777,0.4760796874830919,0.36400938347394035,0.3056109296105595,0.5,1.0,0.39275766016713093,1.0,0.18749999999999997,0.6571138986496525,1,-0.3266960739807448,-0.6175302492818714,-0.6204755188147992,True,False,False,True,False,True
1,0.9803921568627451,2,0.125,0.4328085551838091,-1.1185747476790824,0.25,0.4610946117946541,0.21803486324251026,0.059036888408705045,0.36400938347394035,0.5039325765037417,1.0,1.0,0.13370473537604455,1.0,0.8541666666666666,-1.6033693581899966,1,0.3469388220782775,-0.19592183457637824,-0.6204755188147992,False,False,False,False,False,True
0,0.5490196078431373,3,0.5,0.5468790410312199,0.15455413469235899,0.5,0.22638952976097146,-0.4033683807689196,0.26186766862170086,0.36400938347394035,0.1970272621165157,1.0,0.5,0.027855153203342618,0.75,0.6041666666666666,-0.29667650508015725,1,-1.0948049309784653,-0.8989094789185101,-0.6204755188147992,False,False,True,False,True,False
0,0.5098039215686275,1,0.625,0.38669033984003504,-0.10555780656737836,0.5,0.5338896439350721,0.21803486324251026,0.2650872048155579,0.36400938347394035,0.6499892567743,0.5,1.0,0.362116991643454,1.0,0.6458333333333333,-0.954791883653726,1,1.1365051303655673,0.8719391614929705,-0.6204755188147992,False,True,False,False,False,True
0,0.4509803921568628,2,0.625,0.8114390689464069,1.5763242175347458,0.75,0.2182516926287788,0.8912217109215592,0.21994134897360704,0.36400938347394035,0.12849485838355473,1.0,1.0,0.6239554317548747,0.5,0.16666666666666666,0.4186662977172001,1,-0.35426150307324666,-0.7446519342547135,2.013407393927571,False,True,False,False,False,True
0,0.9411764705882354,3,0.375,0.4894599642849811,-0.37121009695612495,0.5,0.5756828099307743,-0.6105027954393962,0.21700879765395895,0.36400938347394035,0.5588593779533357,0.5,1.0,0.13927576601671307,1.0,0.9791666666666666,-1.6987483985629777,1,0.7015844322413071,0.49480001239067173,-0.6204755188147992,False,True,False,False,True,False
0,0.03921568627450983,1,1.0,0.506703978142226,1.4126874999835723,1.0,0.5019836872640445,0.8782758100046545,0.35302135393003176,0.36400938347394035,0.4712210673647553,0.0,0.0,0.46982358402971225,0.5,0.3125,1.4010704135589043,0,-0.2242066223397858,-0.6852585376885262,-0.6204755188147992,True,False,False,True,False,True
0,0.7450980392156864,2,0.375,0.4531189063814938,-0.46714347722908917,0.25,0.5141992064987897,0.4898987824975108,0.14874802616738103,0.36400938347394035,0.5377118868580337,0.5,1.0,0.9777158774373259,1.0,0.7916666666666666,-1.6796725904883814,1,-0.4738796937881716,-0.761471466662292,-0.6204755188147992,True,False,True,False,False,True
0,0.17647058823529416,3,0.625,0.30622891821808046,-0.42416174670012635,0.5,0.2773416161313502,0.08857585407346236,0.2755999760608055,0.36400938347394035,0.4219229504294182,1.0,1.0,0.7604456824512535,1.0,0.08333333333333333,0.3805146815680077,1,0.252556265227251,-0.2558701900308948,-0.6204755188147992,True,False,False,False,False,False
1,0.03921568627450983,2,0.375,0.44794125495186676,-0.48081147789209694,0.25,0.23873113404696114,0.24392666507631983,0.16071531251796906,0.36400938347394035,0.252393011680208,0.5,0.0,0.9303621169916435,0.5,0.9374999999999999,1.7539728629389337,1,0.7101568015859882,0.2033283057452344,-0.6204755188147992,False,False,False,False,False,False
0,0.8627450980392156,3,0.5,0.47787926681582127,-0.0731284769467239,0.5,0.5035931329577402,0.23098076415941504,0.2127301572039806,0.36400938347394035,0.500278403067616,1.0,0.5,0.24791086350974928,0.5,0.2916666666666667,0.3709767775307096,1,-1.3108392906787496,-0.9770701030566017,0.9202472164297006,True,True,False,False,True,False
0,0.8039215686274509,3,0.75,0.4554955092322443,0.48077097509528544,0.75,0.4085394612606177,0.9559512155060832,0.25966482806800917,0.36400938347394035,0.4250508199731637,0.0,0.0,0.4828226555246054,0.5,0.0625,-0.5828136261991002,0,-2.4747444723267105,-1.098241233477638,-0.6204755188147992,True,False,True,False,False,True
0,0.4901960784313726,1,0.125,0.49743426589215706,-1.0332750448297665,0.0,0.7716801018243531,-1.3872568504536835,0.13000977517106552,0.36400938347394035,0.7376426877143247,1.0,0.5,0.2116991643454039,0.75,0.4791666666666667,-0.6018894342736963,1,-0.4738796937881716,-0.4910481904291487,-0.6204755188147992,True,False,False,False,False,False
0,0.7058823529411765,1,0.875,0.5280255136599683,1.177581633276771,0.75,0.4174301012276677,0.9300594136722736,0.3049771685767732,0.36400938347394035,0.3764185508515963,0.5,0.0,0.10584958217270195,0.5,0.49999999999999994,-1.2504669088099671,1,-1.7157301681687591,-1.048132773274388,-0.6204755188147992,False,True,False,False,False,True
0,0.5098039215686275,1,0.75,0.6304169977685444,1.2888491827772133,0.75,0.3999463019966859,-0.20917986701534777,0.36050903031024445,0.36400938347394035,0.30337221990828517,0.5,1.0,0.20891364902506962,1.0,0.7499999999999999,-1.5842935501154005,1,-0.6899140534884558,-0.7851174754746594,-0.6204755188147992,True,False,False,False,False,True
0,0.07843137254901966,1,0.625,0.356404414431057,-0.22548130495152865,0.75,0.49042887051721556,-0.15739626334772863,0.29768061850173283,0.36400938347394035,0.6453938697358137,0.5,1.0,0.5682451253481895,0.5,0.4791666666666667,1.6204422064167605,1,-2.217037214644128,-1.074135378620725,2.013407393927571,True,False,False,False,False,True
1,0.8039215686274509,1,0.25,0.26813631916363906,-1.145694011630858,0.5,0.3306570258446169,-1.91803878804678,0.2939935441675985,0.36400938347394035,0.5696458979809655,0.5,1.0,0.5153203342618384,0.5,0.8541666666666666,-0.43020716160233063,1,0.16290092652542276,0.40670956968239635,2.013407393927571,True,False,True,False,True,False
1,0.1960784313725491,3,0.375,0.6045947166403252,-0.06727656784224464,0.5,0.43658136499315137,-1.9439305898805894,0.4132328702613609,0.36400938347394035,0.3450686327682418,0.0,0.0,0.45125348189415043,0.5,0.24999999999999997,1.2198502368502404,0,-0.06898881629816243,0.11010120106912845,-0.6204755188147992,False,True,False,False,False,False
0,0.23529411764705888,1,0.625,0.5818503390190002,0.667219301285215,0.25,0.5448207480308699,0.8394381072539401,0.22294054918688347,0.36400938347394035,0.44722457486212713,1.0,0.5,0.19220055710306405,0.75,0.3958333333333333,-0.41113135352773444,1,0.5416985293388166,-0.13186399887023662,-0.6204755188147992,True,False,False,False,True,False
0,0.7843137254901961,3,1.0,0.31795945455913843,0.2916269778132466,1.0,0.47719184809298243,0.8523840081708449,0.355270700240087,0.36400938347394035,0.6997654878512112,0.0,0.0,0.5110492107706592,0.5,0.08333333333333333,1.391532509521606,0,-0.5402660421392802,-0.81299745741019,-0.6204755188147992,False,False,False,True,False,False
0,0.6470588235294118,3,0.375,0.6418850961637143,0.03116283832036901,0.5,0.27831864160355857,0.7747086026694162,0.1365284339161814,0.36400938347394035,0.20712427493755728,0.5,1.0,0.3231197771587744,0.5,0.3958333333333333,1.3247671812605195,1,0.7838261637157166,0.15535585524059875,2.013407393927571,False,False,False,True,True,False
0,0.7254901960784313,2,0.125,0.8738993000677353,-0.5363775222128678,0.25,0.02378022910479422,0.1662512595748911,0.06041055718475074,0.36400938347394035,0.011630286824931446,0.5,1.0,0.5348189415041783,0.5,0.3541666666666667,0.8478719793956145,1,1.546201844277215,1.7562110328810687,2.013407393927571,True,False,False,False,True,False
1,0.7647058823529412,3,0.75,0.5787387144352599,1.0501129650518921,0.75,0.3790708628775492,-1.0118257238634447,0.48050344469544964,0.36400938347394035,0.312570353614947,1.0,1.0,0.4735376044568245,0.75,0.7916666666666666,1.1340091005145574,1,-1.0948049309784653,-0.8501709948180362,0.9202472164297006,False,False,True,False,False,False
0,0.6274509803921569,3,0.875,0.5459599950737904,1.2722687736478555,0.75,0.47848152796540244,0.3992774760791773,0.349969567863664,0.36400938347394035,0.4177744753309588,0.0,0.0,0.3901578458681522,0.5,0.9999999999999999,-1.4793766057051214,0,-1.4906012556287052,-1.0106649644611132,-0.6204755188147992,True,False,True,False,False,True
0,0.6470588235294118,1,1.0,0.35625389136339686,0.5190793059921991,1.0,0.31607207707716634,0.06268405223965279,0.4386775398706463,0.36400938347394035,0.4163578830672022,1.0,1.0,0.3259052924791086,1.0,0.04166666666666667,0.4282042017544982,1,-0.08958295915398418,-0.5141621448131494,-0.6204755188147992,False,False,False,False,True,False
0,0.5098039215686275,3,0.125,0.4862374022455304,-1.048053824535754,0.25,0.966949512091642,0.6711413953341778,0.04840007266498845,0.36400938347394035,0.9448999090152448,0.0,0.0,0.48022284122562675,0.5,0.8958333333333333,-0.43974506563962873,0,-0.9751867402635405,-0.9269824958702215,-0.6204755188147992,True,False,True,False,True,False
0,0.6862745098039217,1,0.875,0.31326843736529886,0.0437471521121769,0.75,0.397500692111765,-0.46809788535344354,0.45512962811510554,0.36400938347394035,0.5913422322437554,0.0,0.0,0.3416898792943362,0.5,0.6249999999999999,-1.0120193078775146,0,0.3209716195657513,-0.05123926590117301,-0.6204755188147992,True,False,True,False,True,False
0,0.4901960784313726,3,0.375,0.15327695560253699,-1.2586683679534394,0.25,0.16486989289092668,0.9430053145891784,0.13000977517106552,0.36400938347394035,0.475833160685532,0.0,0.0,0.4514391829155061,0.5,0.6041666666666666,-1.5652177420408042,0,0.9418968567560452,0.3213393445014855,-0.6204755188147992,False,False,False,True,False,True
0,0.9803921568627451,3,0.875,0.31233707588415194,0.03882992293410786,0.5,0.20156493368402761,0.8006004045032258,0.31497617827223146,0.36400938347394035,0.30129542665975156,0.5,1.0,0.12534818941504178,0.5,0.8333333333333333,1.0004784439923842,1,-0.9208788548148363,-0.9200343525618069,2.013407393927571,True,True,False,False,True,False
0,0.47058823529411764,1,0.5,0.3843510745294443,-0.38174895177854323,0.75,0.2394432128473898,-0.8176372101098729,0.3055613741097612,0.36400938347394035,0.29344181998478847,0.5,0.0,0.35097493036211697,0.5,0.4791666666666667,0.5808106663512678,1,0.193793841706119,-0.08041187418860896,-0.6204755188147992,False,True,False,False,False,True
0,0.3529411764705882,2,0.125,0.5612389416859952,-0.9490590288516502,0.25,0.5289775137887145,-1.5555535623734458,0.14355453316241418,0.36400938347394035,0.449703614042349,0.0,0.0,0.43212627669452186,0.5,0.08333333333333333,-0.6114273383109945,0,0.14704554340212264,0.1645058485524957,-0.6204755188147992,True,False,False,False,True,False
0,0.3921568627450981,3,0.125,0.29285289106919266,-1.303302720960982,0.25,0.11147645311837072,0.4640069806637012,0.05297658498497409,0.36400938347394035,0.17777411447235358,0.5,1.0,0.596100278551532,0.5,0.3958333333333333,0.16114288871015148,1,0.7838261637157166,0.23717857786407404,2.013407393927571,False,False,False,False,False,False
0,0.5882352941176471,3,1.0,0.49878783317482783,1.36566903585939,0.75,0.40759022785693944,0.6193577916665587,0.3767234210180767,0.36400938347394035,0.388419891289597,1.0,0.0,0.5766016713091923,0.25,0.4791666666666667,1.5059873579691834,1,0.9352857141260422,0.40284126386095764,0.9202472164297006,False,False,False,False,False,False
1,0.5490196078431373,1,0.25,0.4255560801056398,-0.834025667473789,0.5,0.25935845695851356,0.5028446834144156,0.10012054045301622,0.36400938347394035,0.2881373292906167,0.5,1.0,0.15877437325905291,1.0,0.3333333333333333,-1.6987483985629777,1,0.8805630077574653,0.358780870685902,-0.6204755188147992,False,False,False,True,True,False
0,0.1568627450980392,1,0.0,0.632627927502617,-1.285611532788645,0.0,0.3321262397985402,-1.5167158596227315,0.048128342245989296,-2.74718192826914,0.3182804587966424,0.0,0.0,0.3769730733519034,0.5,0.14583333333333331,1.4487599337453947,0,1.1470441432234282,2.015264093090857,-0.6204755188147992,False,False,False,True,True,False
0,0.3529411764705882,2,1.0,0.22780297898834811,-0.24386334350425587,0.5,0.3542257752612996,0.6193577916665587,0.3767234210180767,0.36400938347394035,0.7098881176728178,0.0,0.0,0.4915506035283194,0.5,0.4166666666666667,-1.2218531966980728,0,-0.44244468735918835,-0.7593250454664923,-0.6204755188147992,False,False,True,False,False,True
1,0.4901960784313726,2,0.625,0.3560041599102335,-0.2270661970006585,0.75,0.43063547943069724,0.32160207057774853,0.2571621926460636,0.36400938347394035,0.5673979674700897,0.5,0.0,0.6128133704735377,0.0,0.2708333333333333,-0.11545632837149337,1,0.7916498445417169,0.288976307820479,2.013407393927571,True,False,False,True,False,False
1,0.47058823529411764,2,0.625,0.7728435860068282,1.4234972765237905,0.75,0.24721562545522463,0.17919716049179588,0.2681676912734676,0.36400938347394035,0.15298179408368276,0.0,0.0,0.4824512534818942,0.5,0.7708333333333333,-0.9071023634672355,0,-0.8696760184384118,-0.8742718252057339,-0.6204755188147992,True,True,False,False,True,False
0,0.7647058823529412,3,0.375,0.6785802253740839,0.1280308985197431,0.5,0.33451029276260663,-1.3872568504536835,0.3040078201368524,0.36400938347394035,0.23588698950234044,0.5,0.0,0.43454038997214484,0.5,0.6458333333333333,-0.9357160755791298,1,0.16290092652542276,0.1024608422356129,-0.6204755188147992,False,False,False,True,True,False
0,0.823529411764706,3,0.0,0.2762166711139391,-1.5208257681825665,0.0,0.5207078707865825,-1.8403633825453511,0.06401051673576702,-2.74718192826914,0.5985147172857699,0.0,0.0,0.4690807799442897,0.5,0.7291666666666666,0.21837031293394005,0,1.0054558305544583,2.012980150172202,-0.6204755188147992,True,False,False,False,True,False
0,0.5490196078431373,1,0.125,0.38628666434040104,-1.1799791550184424,0.25,0.7771531607976242,-2.2546322118863045,0.23317675758440812,0.36400938347394035,0.946910733201275,0.0,0.0,0.3216341689879295,0.5,0.8124999999999999,-0.10591842433419528,0,0.3596454998140551,1.0536163430605867,-0.6204755188147992,True,True,False,False,False,True
1,0.47058823529411764,1,0.875,0.34369291241610045,0.20437663859577077,0.75,0.2853578897062794,0.8653299090877496,0.3099060589492519,0.36400938347394035,0.3890555819985841,0.5,0.0,0.5153203342618384,0.5,0.0625,-0.563737818124504,1,-0.6899140534884558,-0.8619613522203942,-0.6204755188147992,False,False,True,False,False,False
0,0.3529411764705882,1,0.5,0.5807262053818838,0.26624161285539044,0.5,0.4632959972105262,0.1533053586579863,0.21788169754509165,0.36400938347394035,0.38090885211367354,0.0,0.0,0.2969359331476323,0.5,0.4166666666666667,-0.4492829696769268,0,-0.13224843979789794,-0.5541537081266809,-0.6204755188147992,False,True,False,False,False,True
0,0.05882352941176472,2,0.5,0.3907264106406124,-0.3607118803913767,0.5,0.49592564000681283,0.7358708999187018,0.18362545181749984,0.36400938347394035,0.597835789013923,0.5,0.0,0.6991643454038997,0.5,0.49999999999999994,-0.6686547625347831,1,0.11446719825959353,-0.47346628679013225,-0.6204755188147992,False,False,False,True,False,False
0,0.8627450980392156,2,0.5,0.6046347420924075,0.3451340170787378,0.5,0.5229266003552681,0.476952881580606,0.19767568154664927,0.36400938347394035,0.4134536432306386,0.5,0.0,0.7047353760445683,0.5,0.9166666666666666,-1.3172322370710536,1,-1.033000719269968,-0.9315171698226371,-0.6204755188147992,False,False,False,True,False,False
0,0.37254901960784315,2,0.5,0.3186436503212299,-0.5985676025338476,0.75,0.2588937663250787,0.30865616966084375,0.20777739012361976,0.36400938347394035,0.3793906515990509,0.5,1.0,0.10863509749303621,0.5,0.0,-0.14407004048338767,1,0.6574471427172601,0.11878918566087973,2.013407393927571,True,False,True,False,False,False
1,0.8823529411764707,3,0.625,0.36660577324384047,-0.18508687682755537,0.25,0.4973046715041711,0.9430053145891784,0.21700879765395895,0.36400938347394035,0.6370859680080849,1.0,1.0,0.2813370473537604,0.75,0.9583333333333333,0.2851356411950267,1,1.1311887601001271,0.6056314878083356,0.9202472164297006,True,False,False,False,False,False
0,0.0,3,0.75,0.4490503851533429,0.45099667830907025,0.75,0.43000068321743623,0.6840872962510827,0.27841987234776605,0.36400938347394035,0.45357443637608136,0.0,0.0,0.40538532961931295,0.5,0.24999999999999997,-0.4874345858261192,0,0.193793841706119,-0.4090264140143253,-0.6204755188147992,False,False,True,False,False,True
0,0.1960784313725491,1,1.0,0.37442156949946515,0.6269874261919215,1.0,0.4617998965651464,0.34749387241155816,0.404860190148869,0.36400938347394035,0.5798607481429554,1.0,0.5,0.19498607242339833,0.5,0.3125,1.7539728629389337,1,-1.2328939979461229,-0.9672134664973553,0.9202472164297006,True,False,True,False,True,False
0,0.05882352941176472,2,0.5,0.46536258954412024,-0.11443049282532715,0.75,0.34748723400564896,-0.2998011734336813,0.2525993068515063,0.36400938347394035,0.35410301977082753,0.0,0.0,0.41299907149489334,0.5,0.5833333333333333,0.07530175237446858,0,-0.9208788548148363,-0.8567162128924145,-0.6204755188147992,True,False,True,False,False,False
0,0.11764705882352944,3,0.5,0.38951127896713794,-0.3647215218148161,0.25,0.5584954213328763,-0.6622863991070154,0.2877876634027536,0.36400938347394035,0.6752229779806553,0.5,1.0,0.947075208913649,0.5,0.7916666666666666,0.11345336852366097,1,-1.4906012556287052,-0.9723366669206986,2.013407393927571,False,False,True,False,False,False
1,0.5294117647058824,2,0.875,0.4492754366879451,0.7618116190550693,0.75,0.4330131719694049,0.968897116422988,0.3020851898057387,0.36400938347394035,0.4565320465748915,0.5,0.0,0.7325905292479109,0.5,0.5833333333333333,-0.27760069700556106,1,-0.8212422901725825,-0.903226280595819,-0.6204755188147992,True,False,False,True,False,True
0,0.6862745098039217,3,0.875,0.7000066709086804,2.0855757704833224,0.5,0.24011311355972376,0.8264922063370354,0.3129307968017645,0.36400938347394035,0.1638926389812612,0.5,1.0,0.40947075208913647,0.5,0.22916666666666666,0.9432510197685955,1,-0.44244468735918835,-0.7752521833571251,2.013407393927571,True,False,False,False,False,False
0,0.11764705882352944,2,0.5,0.4189453806523122,-0.26759608598353196,0.75,0.24118996272840462,0.30865616966084375,0.20777739012361976,0.36400938347394035,0.27204153006478166,0.5,1.0,0.011142061281337047,0.5,0.6249999999999999,1.4201462216335003,1,-0.4120754820796742,-0.7191434006252782,2.013407393927571,False,True,False,False,False,True
0,0.37254901960784315,3,0.625,0.4948206380809677,0.32260687624367135,0.75,0.5313710536847223,0.21803486324251026,0.2650872048155579,0.36400938347394035,0.510415784107791,0.0,0.0,0.35431754874651816,0.5,0.3958333333333333,-1.1169362522877937,0,-0.4120754820796742,-0.7102767062698855,-0.6204755188147992,True,False,False,False,False,False
0,0.6666666666666666,3,0.875,0.554316591063035,1.3163883753915786,1.0,0.34614555126160645,0.7099790980848922,0.3223234038174615,0.36400938347394035,0.29762338215595846,0.0,0.0,0.4376973073351903,0.5,0.7083333333333333,1.3152292772232212,0,-1.396218698777679,-1.0055190863290893,-0.6204755188147992,True,False,False,False,True,False
0,0.9803921568627451,3,0.5,0.6644142942178616,0.5423921198088854,0.25,0.2665953437926664,0.5287364852482251,0.19472856018882767,0.36400938347394035,0.19172681566428204,0.0,0.0,0.4906220984215413,0.5,0.8333333333333333,-0.7163442827212736,0,-0.06898881629816243,-0.5647352061166269,-0.6204755188147992,True,False,True,False,False,False
0,0.9803921568627451,3,0.625,0.5521904527323357,0.5497747366189338,1.0,0.4598712622667339,0.6970331971679874,0.23155115625080627,0.36400938347394035,0.39709683037068644,1.0,1.0,0.4623955431754875,0.75,0.5624999999999999,-1.326770141108352,1,0.9549745453732735,0.4086085854622916,0.9202472164297006,False,False,False,False,True,False
1,0.7450980392156864,1,0.125,0.6881914653420638,-0.7814939463923776,0.25,0.2612643190496394,-2.8501436540639244,0.423469164441721,0.36400938347394035,0.18145949814956652,1.0,0.5,0.3259052924791086,0.75,0.7083333333333333,1.7539728629389337,1,0.14704554340212264,1.5717205417356317,-0.6204755188147992,False,False,True,False,False,False
0,0.3921568627450981,2,0.5,0.32083581354297086,-0.5913339926685889,0.75,0.2745384497327437,-1.8015256797946368,0.48505983989854956,0.36400938347394035,0.3996425112209108,1.0,0.5,0.20891364902506962,0.5,0.5833333333333333,1.5918284943048662,1,-0.6899140534884558,-0.5237375865662771,0.9202472164297006,True,True,False,False,False,True
1,0.8431372549019608,3,0.0,0.05812927194728955,-1.664752930763793,0.0,0.4207137185876742,-0.3127470743505861,0.015554787417905294,-2.74718192826914,0.6056045128075387,0.0,0.0,0.49860724233983283,0.5,0.8958333333333333,-0.43020716160233063,0,1.5360796375901362,2.0176982091238456,-0.6204755188147992,False,False,True,False,False,False
0,0.0,3,0.125,0.5753196904698371,-0.9304737990105733,0.0,0.04611794654221462,-2.6171174375596387,0.3244781783681214,0.36400938347394035,0.037613307203153326,0.5,1.0,0.14206128133704735,1.0,0.7916666666666666,1.5059873579691834,1,-0.8696760184384118,-0.3030642964574501,-0.6204755188147992,True,True,False,False,True,False
0,0.7058823529411765,2,0.375,0.27193189515384136,-0.9454422239190208,0.25,0.1909046267489174,0.4898987824975108,0.14874802616738103,0.36400938347394035,0.3253497130780596,0.5,0.0,0.467966573816156,0.0,0.5833333333333333,-0.754495898870466,1,-0.9751867402635405,-0.9187387799164577,2.013407393927571,False,False,False,False,False,False
0,0.8823529411764707,3,0.25,0.7865172383122259,-0.11937481417517615,0.5,0.19910094770879375,0.36043977332846294,0.10515291160452453,0.36400938347394035,0.12081121254257908,0.5,0.0,0.596100278551532,0.0,0.6874999999999999,-1.4126112774440347,1,1.0648024117490185,0.6915623220127689,2.013407393927571,True,False,True,False,False,True
0,0.8039215686274509,3,0.0,0.07810094624273897,-1.6515725891928252,0.0,0.4371955450609911,-2.9278190595653535,0.2127301572039806,-2.74718192826914,0.5699175726995978,1.0,0.5,0.08635097493036212,0.75,0.18749999999999997,-0.05822890414770479,1,0.23822306727982706,1.9917598766398863,-0.6204755188147992,False,False,False,True,False,False
0,0.03921568627450983,2,0.875,0.6613846753833206,1.8816665395811856,0.75,0.20767627467221403,0.9947889182567976,0.3001836872804615,0.36400938347394035,0.14980137333639806,1.0,0.5,0.04735376044568245,0.75,0.7499999999999999,-0.7735717069450622,1,0.09772267783207433,-0.5176591846374192,-0.6204755188147992,True,True,False,False,True,False
0,0.6470588235294118,1,0.25,0.33864953440478385,-1.0060880504485408,0.25,0.38064005282703545,-1.1542306339493973,0.19328179152226074,0.36400938347394035,0.5260226573544122,0.0,0.0,0.3827298050139276,0.5,0.9791666666666666,0.46635581790369063,0,0.5917565658655621,0.5890695773587226,-0.6204755188147992,True,False,False,False,False,True
1,0.23529411764705888,1,0.0,0.7578152260924895,-1.2029939549455486,0.0,0.4031022314826596,-1.5296617605396363,0.04867341095628936,-2.74718192826914,0.35815489947028384,0.5,1.0,0.5877437325905293,1.0,0.12499999999999999,-0.039153096073108594,1,1.1417901354322,2.0151856519585554,-0.6204755188147992,False,True,False,False,False,False
0,0.2941176470588236,3,0.125,0.21011309755947372,-1.4125112654061442,0.0,0.3814806957997454,-2.2546322118863045,0.23317675758440812,0.36400938347394035,0.8232701783121368,1.0,1.0,0.403899721448468,0.75,0.16666666666666666,-0.31575231315475344,1,0.5519364208921318,1.4554479447445343,0.9202472164297006,True,False,True,False,False,True
0,0.6470588235294118,1,1.0,0.5092012926738598,1.4275204640331203,0.75,0.3868608670340504,0.42516927791298686,0.39644428152492667,0.36400938347394035,0.3613323713444005,0.0,0.0,0.4460538532961931,0.5,0.3125,-0.17268375259528196,0,-1.4906012556287052,-1.011358140764649,-0.6204755188147992,True,False,False,True,False,True
0,0.4509803921568628,1,0.125,0.40103450399228224,-1.1605134295945154,0.25,0.7481120067882902,-0.5716650926886818,0.08489917092067631,0.36400938347394035,0.8795103615193092,1.0,0.5,0.7493036211699164,0.75,0.4166666666666667,0.3805146815680077,1,-0.5402660421392802,-0.6797471332001666,-0.6204755188147992,False,True,False,False,False,False
0,0.23529411764705888,3,0.125,0.24547917650198073,-1.365831453429212,0.25,0.15144251166737366,-0.4033683807689196,0.07835410557184752,0.36400938347394035,0.2845269001344987,0.5,1.0,0.6406685236768803,1.0,0.2708333333333333,0.4854316259782868,1,-0.3266960739807448,-0.5896788358399809,-0.6204755188147992,False,True,False,False,False,True
0,0.09803921568627455,3,0.625,0.5207858672523383,0.4254216681487546,0.75,0.1698699302841019,0.6193577916665587,0.23648619074714403,0.36400938347394035,0.15496496251261044,0.0,0.0,0.4391829155060353,0.5,0.020833333333333332,1.1530849085891537,0,-0.9751867402635405,-0.9246957504265694,-0.6204755188147992,True,True,False,False,True,False
0,0.7450980392156864,1,0.75,0.28221315825741194,-0.3197349705741334,1.0,0.3758153519282764,0.9947889182567976,0.2571621926460636,0.36400938347394035,0.6169068902711419,1.0,0.5,0.5125348189415042,0.75,0.5208333333333333,-0.954791883653726,1,-0.24875078124811795,-0.7069209815495242,-0.6204755188147992,True,False,False,False,True,False
0,0.019607843137254943,3,0.75,0.43061815132259923,0.36584598240454436,1.0,0.4173958336186319,0.7617627017525114,0.272828979709457,0.36400938347394035,0.4584102462167928,0.0,0.0,0.3788300835654596,0.5,0.6874999999999999,1.0290921561042783,0,-1.2328939979461229,-0.9813849582595868,-0.6204755188147992,True,False,False,True,False,True
0,0.1960784313725491,3,1.0,0.6047127404092859,1.9948169950203372,0.75,0.34715498333236827,0.8523840081708449,0.355270700240087,0.36400938347394035,0.27416333165761597,0.5,0.0,0.19498607242339833,0.5,0.9583333333333333,0.24698402504583436,1,0.7679707805924156,0.11690901477659006,-0.6204755188147992,False,False,False,True,False,False
0,0.11764705882352944,1,0.125,0.43154621400275045,-1.120240916243552,0.0,0.4324352991090369,-1.3354732467860644,0.12622720897615708,0.36400938347394035,0.4739430680228427,0.0,0.0,0.36230269266480963,0.5,0.9999999999999999,-1.6510588783764872,0,1.1365051303655673,1.8147024563002672,-0.6204755188147992,False,False,False,True,False,True
0,0.11764705882352944,2,0.625,0.316916056021949,-0.3818437743797731,0.5,0.5333809291163445,0.968897116422988,0.21556682490562365,0.36400938347394035,0.7844602709936819,0.0,0.0,0.5292479108635098,0.5,0.3541666666666667,-1.5938314541526986,0,-0.6500939085150256,-0.8557355803203865,-0.6204755188147992,True,True,False,False,False,True
0,0.7450980392156864,1,0.625,0.6155059285562785,0.800485694271013,0.75,0.27706183276585644,0.7488168008356065,0.22835649623868418,0.36400938347394035,0.2148725216484403,0.0,0.0,0.3931290622098421,0.5,0.22916666666666666,-0.15360794452068577,0,0.252556265227251,-0.3737881232342789,-0.6204755188147992,True,True,False,False,False,True
1,0.7450980392156864,1,0.75,0.48073353605076335,0.5973621363504962,0.75,0.5721030113820056,0.54168238616513,0.289199475884445,0.36400938347394035,0.5651138170608496,1.0,0.5,0.39554317548746515,0.5,0.375,-1.5461419339662081,1,0.46655701279320155,-0.14736471920775804,0.9202472164297006,True,True,False,False,True,False
0,0.21568627450980393,1,0.0,0.7163734887826104,-1.230343502357454,0.0,0.48181866613160146,0.5157905843313204,0.0039011003793483837,-2.74718192826914,0.3962047341772985,0.5,0.0,0.08635097493036212,0.5,0.7291666666666666,1.6109043023794625,1,1.7305272717729836,2.0176982091238456,-0.6204755188147992,True,True,False,False,False,True
0,0.9803921568627451,3,0.375,0.6309807262053818,0.002377405804123729,0.5,0.5526307705942872,1.0077348191737023,0.12762624030852046,0.36400938347394035,0.41917691055503736,1.0,0.5,0.4651810584958217,0.5,0.7708333333333333,-0.6877305706093793,1,0.3596454998140551,-0.32749537446372945,0.9202472164297006,False,False,True,False,True,False
0,0.4117647058823529,1,0.875,0.675216547958702,1.954693488614164,0.5,0.30915460597236527,0.8523840081708449,0.31090859245844166,0.36400938347394035,0.21899433837596363,0.0,0.0,0.4323119777158774,0.5,0.3125,0.6380380905750563,0,-0.6500939085150256,-0.8491342824484119,-0.6204755188147992,True,False,True,False,False,True
0,0.9803921568627451,3,0.25,0.5742591870385955,-0.5396150367405773,0.5,0.3838265856664712,-0.10561265968010947,0.12439693501087884,0.36400938347394035,0.31891012744081987,0.0,0.0,0.447539461467038,0.5,0.9374999999999999,-1.0120193078775146,0,-0.06898881629816243,-0.4736703111634192,-0.6204755188147992,True,False,False,False,False,True
0,0.9803921568627451,2,0.0,0.9819782836265111,-1.0550571509408828,0.0,0.36499124316052195,-2.1899027073017803,0.0887221034842686,-2.74718192826914,0.29486583357637813,1.0,1.0,0.24791086350974928,1.0,0.14583333333333331,-1.6796725904883814,1,0.8222786660411202,2.0094333511043247,-0.6204755188147992,False,True,False,False,False,False
0,1.0,1,0.875,0.5101474783965189,1.0831925067952666,0.75,0.46151238745240464,-1.5296617605396363,0.6973051762133647,0.36400938347394035,0.4303635702781686,0.0,0.0,0.4722376973073352,0.5,0.16666666666666666,-1.4221491814813327,0,-1.161191279329574,-0.8131386110279472,-0.6204755188147992,False,False,False,False,False,True
0,0.03921568627450983,2,0.875,0.47779613703072715,0.9123899098082845,1.0,0.4448639422239588,0.9430053145891784,0.3040078201368524,0.36400938347394035,0.44198133837389614,0.5,1.0,0.2311977715877437,1.0,0.0625,-0.7258821867585716,1,-2.0171439359679733,-1.0731873836645094,-0.6204755188147992,False,False,False,True,True,False
0,0.23529411764705888,1,0.75,0.6219192864033685,1.249592625867999,0.5,0.3611790644527295,0.7099790980848922,0.2765344446159386,0.36400938347394035,0.2775426765478883,0.0,0.0,0.3465181058495822,0.5,0.7291666666666666,0.34236306541881534,0,-0.35426150307324666,-0.7298472171088419,-0.6204755188147992,False,True,False,False,False,True
0,0.5686274509803921,3,0.875,0.539630329029742,1.238850579757231,1.0,0.43463507333468177,0.8912217109215592,0.3079178885630498,0.36400938347394035,0.38376275691638256,0.0,0.0,0.436397400185701,0.5,0.9583333333333333,-0.28713860104285915,0,0.5208648982419061,-0.16243142521050935,-0.6204755188147992,True,False,True,False,False,True
0,0.17647058823529416,2,0.0,0.6533180073482624,-1.2719570782115273,0.0,0.42774846690127294,-3.4715468980753545,0.47800586510263926,-2.74718192826914,0.4140500650897792,0.5,1.0,0.29526462395543174,1.0,0.7708333333333333,-0.048691000110406696,1,-0.7752934615873857,1.9134544913186033,-0.6204755188147992,True,True,False,False,True,False
0,1.0,1,0.75,0.3643723627918705,0.05981280997771444,0.75,0.5633868894045599,0.8264922063370354,0.26831591347720374,0.36400938347394035,0.7258742660736521,1.0,1.0,0.49303621169916434,1.0,0.9999999999999999,-1.2123152926607748,1,0.62050146288416,-0.047029651084212754,-0.6204755188147992,False,False,False,True,True,False
0,0.1568627450980392,2,0.0,0.3683983661405201,-1.4599902964505864,0.0,0.5158668995957015,-2.332307617387733,0.10236522597089373,-2.74718192826914,0.5898095621236601,1.0,0.5,0.25348189415041783,0.5,0.9999999999999999,0.9146373076567013,1,0.7353924354498874,2.007478753649108,0.9202472164297006,False,False,False,False,False,True
0,0.09803921568627455,3,0.25,0.489788378250785,-0.7068550131384899,0.25,0.6579901546674931,1.0077348191737023,0.08472261278271001,0.36400938347394035,0.6383926448904207,0.0,0.0,0.47799442896935934,0.5,0.9166666666666666,-0.6305031463855907,0,0.06326436188316856,-0.5410178495390324,-0.6204755188147992,True,True,False,False,False,True
0,0.8431372549019608,3,0.75,0.2076367976119613,-0.6642525730144468,1.0,0.39011490291147666,0.11446765590727194,0.3263454069905683,0.36400938347394035,0.8510199520344865,1.0,0.0,0.6713091922005572,0.25,0.0625,-0.9643297876910241,1,0.3845305933641645,-0.13626045674477738,0.9202472164297006,True,False,True,False,False,True
0,0.019607843137254943,1,1.0,0.45175849714120203,1.0863351987217464,1.0,0.49796287546345974,0.32160207057774853,0.4077374238664561,0.36400938347394035,0.522240505084683,0.5,0.0,0.5041782729805014,0.5,0.14583333333333331,-0.8689507473180431,1,-0.5064580389307003,-0.7604427038766588,-0.6204755188147992,True,False,False,True,True,False
0,0.8431372549019608,1,1.0,0.5343181191002369,1.5767035079396654,0.75,0.3427231222037336,0.7876545035863209,0.36100717969461016,0.36400938347394035,0.3054172168919597,1.0,0.5,0.24233983286908076,0.75,0.8749999999999999,1.6967454387151453,1,0.2805524737271681,-0.35765799472337667,-0.6204755188147992,False,False,False,True,False,False
0,0.2941176470588236,2,0.75,0.624347203936276,1.2608087849849174,0.5,0.5234184161635599,0.6970331971679874,0.27747439392506085,0.36400938347394035,0.40108834109367497,0.5,1.0,0.7409470752089137,0.5,0.12499999999999999,-0.43974506563962873,1,0.11446719825959353,-0.46815771342378476,2.013407393927571,False,False,False,False,False,False
0,0.23529411764705888,3,0.375,0.3967035448182433,-0.6160691455037248,0.25,0.3002554979598759,0.010900448572033632,0.1735092864125122,0.36400938347394035,0.3568649548218473,1.0,0.5,0.6685236768802229,0.5,0.04166666666666667,1.1149332924399613,1,1.0236762368599543,0.7569992814928265,0.9202472164297006,False,True,False,False,False,True
0,0.9215686274509803,3,0.25,0.27883714088274936,-1.1245079332989014,0.5,0.23958504173611242,0.9430053145891784,0.08651026392961877,0.36400938347394035,0.3983595352292303,0.5,0.0,0.9303621169916435,0.5,0.0,-0.5732757221618021,1,-0.11066171428046011,-0.634134347256618,-0.6204755188147992,True,False,True,False,True,False
0,0.23529411764705888,1,0.375,0.1373591411974794,-1.3006883263842126,0.25,0.11028258306717509,0.8135463054201305,0.1349811478843737,0.36400938347394035,0.3526760795833633,0.0,0.0,0.5418755803156918,0.5,0.0625,1.5346010700810775,0,0.2088497551106192,-0.4167930353737439,-0.6204755188147992,True,True,False,False,False,False
0,0.4117647058823529,3,0.125,0.35906935692440317,-1.2159033747987165,0.25,0.24342384386932533,0.23098076415941504,0.058699101004759384,0.36400938347394035,0.3184131851352512,1.0,1.0,0.022284122562674095,1.0,0.0,1.2103123328129421,1,1.1677573379447261,0.9238562401738881,-0.6204755188147992,True,False,True,False,False,False
0,0.3529411764705882,3,0.5,0.6376033990845461,0.4539226328613099,0.5,0.4103612648063636,0.7876545035863209,0.18100920214379612,0.36400938347394035,0.3078607030701561,1.0,0.0,0.061281337047353765,0.5,0.9374999999999999,1.076781676290769,1,-1.8538192351364167,-1.0586109207180774,-0.6204755188147992,False,False,False,False,False,True
0,0.4901960784313726,3,0.0,0.3559391613128348,-1.468212770585815,0.0,0.5321278876569553,-2.5653338338920193,0.13196480938416422,-2.74718192826914,0.5949517645716982,0.5,0.0,0.6963788300835655,0.5,0.8541666666666666,1.6299801104540586,1,0.5720677346183307,2.003246837830515,-0.6204755188147992,False,False,False,True,False,False
0,0.2549019607843137,2,1.0,0.6702176426719213,2.383887673952853,0.75,0.39970396763243843,0.8912217109215592,0.3519061583577712,0.36400938347394035,0.2855258026613013,1.0,0.5,0.22841225626740946,0.5,0.7708333333333333,-0.954791883653726,1,0.6298817136247582,-0.050400841778051056,0.9202472164297006,True,False,False,False,False,False
0,0.5882352941176471,2,0.25,0.65262696962855,-0.3844581689565428,0.25,0.6303185859941741,-0.2868552725167765,0.13329275715155203,0.36400938347394035,0.462745561984266,1.0,0.5,0.5236768802228413,0.75,0.7499999999999999,-0.43974506563962873,1,0.13090446237799278,-0.2828611395585276,-0.6204755188147992,True,False,False,True,False,False
0,0.5490196078431373,2,0.75,0.4634390220301261,0.5174673217712896,1.0,0.5542050595129985,0.9430053145891784,0.26050830889540566,0.36400938347394035,0.5671180860658915,0.0,0.0,0.4740947075208915,0.5,0.22916666666666666,-0.7831096109823602,0,0.6014410467875385,-0.09101742156700222,-0.6204755188147992,False,True,False,False,False,False
0,0.8627450980392156,3,0.875,0.3398648371271988,0.18416587844789398,0.75,0.3930787990028046,1.0077348191737023,0.2992407504117623,0.36400938347394035,0.5413389875423831,0.5,1.0,0.22005571030640667,1.0,0.8541666666666666,-1.326770141108352,1,0.408743033786774,-0.28596820713337534,-0.6204755188147992,False,False,False,True,True,False
0,0.8039215686274509,1,0.875,0.525174983066155,1.1625319318529839,1.0,0.4892247756380551,0.8135463054201305,0.3139505655634688,0.36400938347394035,0.4435708798598493,1.0,0.0,0.036211699164345405,0.25,0.18749999999999997,-0.43974506563962873,1,0.3967186148505084,-0.26411513200856535,0.9202472164297006,False,False,True,False,False,False
0,0.4117647058823529,1,1.0,0.6170989643556815,2.068385787488915,0.75,0.44443283406533096,0.9818430173398928,0.34427183054215843,0.36400938347394035,0.34433399555842437,0.5,0.0,0.35376044568245124,0.5,0.9583333333333333,1.6967454387151453,1,0.37217445594217585,-0.3130205057151445,-0.6204755188147992,True,False,False,False,True,False
1,0.11764705882352944,1,0.0,0.05948397955623062,-1.663858889095053,0.0,0.46129991356368655,-1.7109043733763032,0.05704285308863873,-2.74718192826914,0.6376316656797464,0.5,0.0,0.4958217270194986,0.5,0.0,-1.5556798380035062,1,1.0648024117490185,2.013981712524849,-0.6204755188147992,True,False,False,True,False,True
0,0.7058823529411765,2,0.25,0.22177521432432248,-1.237482289621483,0.25,0.3042184495708728,-0.5328273899379675,0.14698519419211786,0.36400938347394035,0.6253309247229022,0.5,1.0,0.2590529247910863,1.0,0.020833333333333332,1.0004784439923842,1,-1.7157301681687591,-1.014156826947478,-0.6204755188147992,False,False,False,True,True,False
0,0.9411764705882354,3,0.125,0.5114431741209795,-1.0147846375899194,0.25,0.3254136614340263,0.10152175499036716,0.06218002882847059,0.36400938347394035,0.3025785802612856,0.0,0.0,0.4133704735376044,0.5,0.22916666666666666,1.6490559185286549,0,1.1311887601001271,0.9109722129610928,-0.6204755188147992,True,True,False,False,False,True
0,0.7843137254901961,2,0.75,0.28489911533487955,-0.30732675589889535,0.75,0.42802569593745693,-0.04088315509558552,0.34199330882656637,0.36400938347394035,0.6961706533970016,1.0,0.5,0.29526462395543174,0.75,0.7916666666666666,-0.6972684746466774,1,-0.6899140534884558,-0.8000078100500195,-0.6204755188147992,False,True,False,False,True,False
1,0.5098039215686275,2,0.375,0.3713027771505983,-0.6831222706592138,0.5,0.6099558114965083,-0.2868552725167765,0.19238643280030987,0.36400938347394035,0.7718539803005091,0.5,1.0,0.41782729805013924,0.5,0.9791666666666666,0.13252917659825716,1,1.0762141044230533,0.9860385086449005,2.013407393927571,True,True,False,False,False,False
0,0.5882352941176471,1,0.75,0.4737928587556043,0.5652985510488717,0.5,0.549749211267477,0.7358708999187018,0.2746709404623883,0.36400938347394035,0.5506980420316725,0.5,1.0,0.5877437325905293,0.5,0.7291666666666666,-1.345845949182948,1,-0.8696760184384118,-0.9045756423014035,2.013407393927571,True,False,True,False,False,False
0,0.09803921568627455,1,0.875,0.2935584679488495,-0.06031387969478596,1.0,0.3119860010037632,0.54168238616513,0.33679772526718305,0.36400938347394035,0.49376045460063056,0.5,0.0,0.5459610027855154,0.5,0.12499999999999999,-1.3744596612948423,1,0.3209716195657513,-0.282775019290367,-0.6204755188147992,True,True,False,False,True,False
1,0.2941176470588236,3,0.5,0.48720211827007937,-0.0423653158905389,0.75,0.4759406680797505,-1.4519863550382075,0.4034352744030163,0.36400938347394035,0.4640479881121958,0.0,0.0,0.35933147632311974,0.5,0.7708333333333333,0.8955614995821051,0,-2.217037214644128,-1.0464389035513662,-0.6204755188147992,False,False,False,True,False,True
0,0.7254901960784313,2,0.0,0.09240747962807118,-1.6421309673274966,0.0,0.4330792445176032,-2.707738743977972,0.15677870516580192,-2.74718192826914,0.5625561800158355,0.0,0.0,0.437883008356546,0.5,0.49999999999999994,0.2755977371577286,0,0.4552888672327596,1.999708291055959,-0.6204755188147992,True,False,True,False,False,True
0,0.7254901960784313,3,1.0,0.40524686923422526,0.8100763230811313,0.75,0.4564534942176632,0.7099790980848922,0.36811236301898437,0.36400938347394035,0.5313892906563853,1.0,0.5,0.5376044568245126,0.5,0.04166666666666667,-1.4603007976305251,1,-0.20031705298228872,-0.657476566666628,0.9202472164297006,False,True,False,False,False,True
0,0.9607843137254902,2,0.25,0.47130140875907406,-0.7434565372132639,0.25,0.5897249284197745,-0.985933922029635,0.17866325693874996,0.36400938347394035,0.5937700369254777,0.0,0.0,0.37771587743732576,0.5,0.5416666666666666,1.467835741819991,0,0.477685177767305,0.33256890736852507,-0.6204755188147992,True,False,False,True,True,False
0,0.607843137254902,3,0.375,0.3889345019396949,-0.6365779195411815,0.5,0.3396091982782091,0.6193577916665587,0.14299470389985555,0.36400938347394035,0.4113217534486841,0.0,0.0,0.316991643454039,0.5,0.4791666666666667,-0.3920555454531382,0,0.008956476434464797,-0.5279587546135486,-0.6204755188147992,False,False,True,False,True,False
0,0.6274509803921569,2,0.25,0.7043795370731474,-0.28199557528459945,0.25,0.315693393549878,-0.46809788535344354,0.14318094192146372,0.36400938347394035,0.21451931813404226,0.0,0.0,0.43342618384401127,0.5,0.5416666666666666,1.2293881408875384,0,0.9992990656975538,0.9319689866949358,-0.6204755188147992,False,False,False,True,False,False
0,0.9411764705882354,3,1.0,0.416631886715427,0.8776983838440003,1.0,0.5096165270490554,0.20508896232560547,0.42115501872767913,0.36400938347394035,0.5777039323934083,0.5,0.0,0.13649025069637882,0.0,0.10416666666666667,-0.22991117681907056,1,-0.7752934615873857,-0.8476228337993389,2.013407393927571,False,True,False,False,False,False
0,0.3137254901960784,2,0.0,0.5288285884357232,-1.3541140891343637,0.0,0.33811400786419266,-1.0247716247803496,0.031299345815474854,-2.74718192826914,0.34795348471124754,1.0,1.0,0.19777158774373257,1.0,0.49999999999999994,-0.6972684746466774,1,1.3268061081733833,2.017687970130591,-0.6204755188147992,False,True,False,False,False,False
0,0.6274509803921569,2,0.75,0.48505569842214674,0.6173290669523529,0.75,0.4220028727384354,0.5675741879989395,0.28718625687732013,0.36400938347394035,0.41318549081157857,1.0,0.5,0.48467966573816157,0.5,0.8749999999999999,-0.23944908085636865,1,-0.5754001829112309,-0.8059198876404292,0.9202472164297006,False,False,True,False,False,True
0,0.1960784313725491,1,0.75,0.5037635654027616,0.7037530949305387,0.75,0.28768611285108836,0.8006004045032258,0.27010562226386237,0.36400938347394035,0.27141541929578616,0.0,0.0,0.4423398328690808,0.5,0.6249999999999999,0.13252917659825716,0,-0.8696760184384118,-0.9076272692331704,-0.6204755188147992,True,False,False,False,True,False
0,0.23529411764705888,2,0.625,0.382485956881983,-0.12220594612618588,0.75,0.34970284763811754,-0.20917986701534777,0.30272370172382074,0.36400938347394035,0.43036972096674586,0.0,0.0,0.4958217270194987,0.5,0.8958333333333333,-0.5351241060126097,0,-0.3266960739807448,-0.6175302492818714,-0.6204755188147992,True,False,False,True,False,False
0,0.5686274509803921,1,0.875,0.4415525770233379,0.7210379005261762,0.5,0.3668880768898888,0.5934659898327491,0.3322237193204935,0.36400938347394035,0.39332817162461786,0.5,1.0,0.5459610027855154,1.0,0.16666666666666666,0.5426590502020754,1,-0.5402660421392802,-0.7950719508207674,-0.6204755188147992,False,False,False,True,False,False
1,0.0,3,0.375,0.5652928015763871,-0.17102603967373753,0.75,0.394863839981297,0.606411890749654,0.14355453316241418,0.36400938347394035,0.33317500334468936,0.0,0.0,0.46332404828226553,0.5,0.7916666666666666,-0.9261781715418317,0,-0.6899140534884558,-0.8468244502982326,-0.6204755188147992,False,False,False,False,False,False
1,0.5686274509803921,1,0.75,0.433644251436078,0.37982554304302196,0.75,0.5649643010543685,-0.7011241018577298,0.42647854706556076,0.36400938347394035,0.616299607811351,0.0,0.0,0.2391829155060353,0.5,0.5833333333333333,-1.53660402992891,0,0.1784805498311051,-0.1319967965928596,-0.6204755188147992,False,False,False,False,False,True
0,0.5098039215686275,2,1.0,0.44947556394835686,1.0727755667458583,0.75,0.4704933865141895,0.7617627017525114,0.36334819385350803,0.36400938347394035,0.4958412162807336,0.5,0.0,0.9108635097493036,0.5,0.2708333333333333,-0.8975644594299375,1,0.5416985293388166,-0.11648724705101962,-0.6204755188147992,True,False,False,True,False,False
0,0.7647058823529412,1,0.625,0.5882030966700192,0.6923743827829407,0.75,0.3394655827372942,-1.0377175256972542,0.4099196735942879,0.36400938347394035,0.27543321840309004,0.5,0.0,0.45403899721448465,0.5,0.7291666666666666,-1.1646257724742841,1,-1.161191279329574,-0.8682450606139293,-0.6204755188147992,False,False,True,False,True,False
0,0.43137254901960786,1,0.25,0.7564468345683066,-0.17890986166171646,0.5,0.13665963418866073,-0.027937254178680735,0.12085198333076091,0.36400938347394035,0.08581306786843687,0.5,0.0,0.5041782729805014,0.0,0.5833333333333333,-0.33482812122934963,1,0.4438771745587247,-0.039193713906647464,2.013407393927571,True,False,False,False,False,True
0,0.37254901960784315,3,1.0,0.5415751554834869,1.6198071532416385,0.75,0.4090273113848522,0.9947889182567976,0.34320518191485927,0.36400938347394035,0.35985756337895786,1.0,0.0,0.055710306406685235,0.5,0.8749999999999999,1.391532509521606,1,0.26666373411704675,-0.39926403401148813,-0.6204755188147992,False,True,False,False,False,True
1,0.09803921568627455,1,0.125,0.7600012315523718,-0.6867119834200632,0.25,0.4662070428510818,0.30865616966084375,0.05671799417261506,0.36400938347394035,0.29449561237076677,0.5,0.0,0.24791086350974928,0.5,0.8333333333333333,0.9814026359177879,1,1.2223662839778324,0.9938186108348227,-0.6204755188147992,True,False,True,False,False,True
1,0.7058823529411765,3,0.5,0.7723516492538844,0.8985593561145967,0.75,0.35795594372310524,-1.244851940367731,0.365954768082787,0.36400938347394035,0.22224510925568525,0.0,0.0,0.4031569173630455,0.5,0.7708333333333333,1.5918284943048662,0,0.1784805498311051,0.05878238929422146,-0.6204755188147992,False,False,False,False,False,False
1,0.37254901960784315,3,0.0,0.3034134526570742,-1.5028772043783196,0.0,0.5107291851398581,-2.5394420320582096,0.12809770874287008,-2.74718192826914,0.6080333965536799,0.0,0.0,0.44791086350974935,0.5,0.4375,0.6094243784631621,0,0.5917565658655621,2.0037990502568257,-0.6204755188147992,True,True,False,False,True,False
1,0.7058823529411765,1,0.5,0.5802007430365975,0.26450771386147076,0.75,0.6786987086664,0.43811517882989165,0.19993422314797052,0.36400938347394035,0.5588445147807319,0.0,0.0,0.3712163416898793,0.5,0.22916666666666666,0.2851356411950267,0,0.46655701279320155,-0.12559557651763234,-0.6204755188147992,True,True,False,False,False,False
0,0.09803921568627455,2,0.875,0.6430396765122436,1.7848120254677013,0.75,0.2841678528328646,0.6711413953341778,0.325565100044118,0.36400938347394035,0.21112385682605234,1.0,0.5,0.06963788300835655,0.75,0.8124999999999999,0.4377421057917963,1,0.5819662415263822,-0.05543370695023778,-0.6204755188147992,False,False,False,True,False,True
0,0.5490196078431373,3,0.0,0.7152650916480223,-1.2310749909955139,0.0,0.4693827726106126,-1.59439126512416,0.051498462198698226,-2.74718192826914,0.46432458589806724,0.0,0.0,0.4263695450324977,0.5,0.9999999999999999,1.3343050852978176,0,1.1150476790759973,2.01477916259889,-0.6204755188147992,False,False,True,False,True,False
0,0.23529411764705888,1,0.125,0.8107822410147991,-0.6196859504363542,0.0,0.16179465422146785,0.24392666507631983,0.05836352136162382,0.36400938347394035,0.09496782525890847,0.0,0.0,0.3806870937790158,0.5,0.5208333333333333,-0.33482812122934963,0,1.3268061081733833,1.229055441841594,-0.6204755188147992,False,False,False,False,False,True
0,0.5098039215686275,3,0.5,0.7948767421334592,0.9728867293930147,0.5,0.32066266043669445,0.5934659898327491,0.19114422340228793,0.36400938347394035,0.19336644293004085,0.5,0.0,0.467966573816156,0.5,0.9374999999999999,1.1244711964772593,1,-0.7752934615873857,-0.8717118529761678,-0.6204755188147992,False,True,False,False,False,False
0,0.9607843137254902,1,0.0,0.6992343849422196,-1.241654484075602,0.0,0.42753606027434043,0.476952881580606,0.004344520473552729,-2.74718192826914,0.3895144477778108,0.5,1.0,0.5821727019498608,1.0,0.5624999999999999,0.29467354523232486,1,1.7222962267839106,2.0176982091238456,-0.6204755188147992,True,False,False,True,True,False
0,0.37254901960784315,1,0.0,0.13189925901598964,-1.6160682980751409,0.0,0.39365510265712617,-2.1251732027172565,0.08332737286317146,-2.74718192826914,0.5863543789983852,1.0,0.5,0.6740947075208914,0.5,0.4166666666666667,0.6475759946123545,1,0.8591483044701209,2.0102069332532913,0.9202472164297006,True,False,False,False,False,True
0,0.23529411764705888,2,0.0,0.5593095096368973,-1.333998151587717,0.0,0.37414412525738017,0.6193577916665587,0.002757473628922834,-2.74718192826914,0.35447926864286133,0.5,1.0,0.8607242339832869,1.0,0.5416666666666666,-1.2504669088099671,1,1.752113997290421,2.0176982091238456,-0.6204755188147992,True,True,False,False,False,False
1,0.7450980392156864,1,0.375,0.46192963730782644,-0.44388484775596304,0.5,0.42362521432780204,-0.002045452344871157,0.1742671176188092,0.36400938347394035,0.43482524685234697,1.0,1.0,0.7353760445682451,1.0,0.6666666666666666,-1.0883225401758994,1,1.3094953132588445,1.3118101899212555,-0.6204755188147992,True,False,False,True,False,True
0,0.13725490196078433,3,1.0,0.5709317149822908,1.7941723708176902,1.0,0.5227092864324973,-0.13150446151391904,0.46481467757815714,0.36400938347394035,0.4370278192001626,0.0,0.0,0.3988857938718663,0.5,0.5833333333333333,-0.21083536874447437,0,-2.217037214644128,-1.0744871515848793,-0.6204755188147992,True,True,False,False,False,False
1,0.3137254901960784,3,0.75,0.5202018572982673,0.7796924524298662,0.75,0.3796147838438872,-0.2998011734336813,0.37123433750999735,0.36400938347394035,0.34727377082605726,1.0,0.5,0.24233983286908076,0.5,0.4791666666666667,0.9337131157312974,1,0.4886767973923959,0.08948242161027697,0.9202472164297006,True,False,False,True,False,False
0,0.5686274509803921,2,0.25,0.4560370013068139,-0.7736778548338489,0.5,0.38960189313770277,0.4898987824975108,0.1005639521768554,0.36400938347394035,0.4048782460652264,0.5,0.0,0.11977715877437325,0.5,0.6458333333333333,0.16114288871015148,1,1.041533421398299,0.6074539307695023,-0.6204755188147992,False,False,False,True,False,True
0,0.0,3,0.0,0.7895892772840165,-1.1820246139878319,0.0,0.37664016808494977,-1.3872568504536835,0.04301075268817205,-2.74718192826914,0.3532743421488765,0.0,0.0,0.4233983286908078,0.5,0.10416666666666667,-1.326770141108352,0,1.1979558973030733,2.0160007669768722,-0.6204755188147992,True,False,True,False,False,True
0,0.4509803921568628,2,0.75,0.43040702805886816,0.3648706642204645,1.0,0.29593694578418134,0.8394381072539401,0.2674286856838176,0.36400938347394035,0.32518733617137163,1.0,0.5,0.31197771587743733,0.25,0.5416666666666666,0.8860235955448069,1,0.16290092652542276,-0.45373369245057477,2.013407393927571,True,False,False,False,False,False
0,0.2941176470588236,1,0.625,0.472789534541623,0.23537008311208554,0.5,0.42438595408261304,0.43811517882989165,0.24871872173650886,0.36400938347394035,0.425939361604646,0.0,0.0,0.4657381615598887,0.5,0.3125,-0.7449579948331678,0,-1.4906012556287052,-1.0117015389726676,-0.6204755188147992,True,False,False,True,False,True
0,0.1960784313725491,1,0.75,0.43128377605686247,0.3689209439015738,1.0,0.40166312408210286,0.7617627017525114,0.272828979709457,0.36400938347394035,0.440478666386175,0.0,0.0,0.41355617455896004,0.5,0.7291666666666666,0.21837031293394005,0,-0.11066171428046011,-0.6154616193793953,-0.6204755188147992,False,True,False,False,True,False
0,0.05882352941176472,1,0.125,0.38929370471479297,-1.1760101518526729,0.25,0.3509121764955452,0.5675741879989395,0.0506330235401476,0.36400938347394035,0.42462298819532696,0.5,1.0,0.21727019498607242,1.0,0.9583333333333333,1.0386300601415765,1,1.0474075785811734,0.5907694979986716,-0.6204755188147992,True,False,False,False,False,True
0,0.05882352941176472,2,0.5,0.5053880416264702,0.017643844602151508,0.5,0.6285276031186321,0.45106107974679643,0.19917669987796216,0.36400938347394035,0.591598002891905,1.0,0.5,0.2646239554317549,0.25,0.6041666666666666,0.30421144926962296,1,0.7436487681850255,0.18836940408604086,2.013407393927571,False,False,False,False,False,True
0,0.3137254901960784,3,0.5,0.20205669246084684,-0.9832764418097847,0.75,0.3157279920017348,0.6452495935003683,0.18835333327532044,0.36400938347394035,0.7067525258372072,0.0,0.0,0.39368616527390904,0.5,0.2916666666666667,-0.13453213644608958,0,0.8222786660411202,0.23834827387537807,-0.6204755188147992,True,False,False,False,False,True
0,0.9411764705882354,3,0.25,0.2890179738226701,-1.104351357494585,0.5,0.3613511743482146,-0.33863887618439564,0.13600970775609264,0.36400938347394035,0.5800987896984819,0.0,0.0,0.37567316620241414,0.5,0.14583333333333331,-1.2409290047726689,0,0.23822306727982706,-0.1715316057075277,-0.6204755188147992,True,False,True,False,False,False
1,0.17647058823529416,1,0.25,0.3829170002121006,-0.9184448747402553,0.5,0.20776579922546554,-0.19623396609844299,0.1287303777816112,0.36400938347394035,0.25559442529222326,0.5,0.0,0.9331476323119777,0.5,0.6249999999999999,0.5808106663512678,1,0.7599365943582191,0.4162175568765474,-0.6204755188147992,False,False,False,True,False,True
1,0.3921568627450981,3,0.5,0.5612266261622775,0.20189770487790096,0.75,0.2775964699805854,0.2568725659932246,0.2110577244548034,0.36400938347394035,0.23568482512953368,0.0,0.0,0.38235840297121637,0.5,0.16666666666666666,1.37245670144701,0,0.5313422780363093,-0.015099021693165226,-0.6204755188147992,True,False,False,True,False,False
0,0.7254901960784313,2,0.375,0.47060695006055125,-0.42097841651597684,0.5,0.5395968001837312,-0.002045452344871157,0.1742671176188092,0.36400938347394035,0.5440537269470256,0.0,0.0,0.27910863509749306,0.5,0.8541666666666666,0.22790821697123814,0,0.6574471427172601,0.2084731021004423,-0.6204755188147992,True,False,False,True,True,False
0,0.9411764705882354,2,0.375,0.5367361809560952,-0.24641000765157528,0.25,0.24013491585298735,-0.6752323000239202,0.22256192674861172,0.36400938347394035,0.21289119397591477,0.0,0.0,0.24623955431754876,0.5,0.4166666666666667,0.7143413228734411,0,-0.35426150307324666,-0.5620944242601597,-0.6204755188147992,False,False,False,True,True,False
0,0.33333333333333337,2,0.75,0.41823518545126126,0.30864086169108373,0.75,0.4382048127652218,0.9171135127553688,0.26220940710037843,0.36400938347394035,0.49494535061157724,1.0,0.5,0.5348189415041783,0.5,0.7916666666666666,-1.1932394845861785,1,0.3596454998140551,-0.3132825741574277,0.9202472164297006,False,True,False,False,True,False
0,0.17647058823529416,2,0.0,0.6866520248773579,-1.2499582347261708,0.0,0.4385628469921993,0.6970331971679874,0.001934967879533206,-2.74718192826914,0.37504625572964156,0.5,0.0,0.24233983286908076,0.5,0.7916666666666666,1.0290921561042783,1,1.767969380413721,2.0176982091238456,-0.6204755188147992,True,False,False,True,False,True
0,0.8627450980392156,3,1.0,0.5684252778404957,1.7792852224245823,1.0,0.46086531051023216,0.8782758100046545,0.35302135393003176,0.36400938347394035,0.38689189060869145,1.0,0.5,0.19498607242339833,0.5,0.8749999999999999,-1.0215572119148126,1,-1.3108392906787496,-0.9973256165621974,0.9202472164297006,True,False,False,False,False,True
0,0.2941176470588236,2,0.625,0.6672687589373072,1.0054515198725695,0.75,0.4190017141724072,-0.7140700027746345,0.36100717969461016,0.36400938347394035,0.30065986117002647,0.0,0.0,0.31049210770659236,0.5,0.3958333333333333,-0.13453213644608958,0,0.16290092652542276,-0.1438827834643195,-0.6204755188147992,False,False,False,True,True,False
0,0.7450980392156864,3,0.625,0.4772060181859233,0.2528580799960728,0.75,0.5205673845332137,0.9818430173398928,0.21485179709653182,0.36400938347394035,0.5178535986884243,1.0,0.5,0.019498607242339833,0.5,0.5208333333333333,-1.4793766057051214,1,-0.8696760184384118,-0.9157357608893617,0.9202472164297006,False,False,False,True,False,True
0,0.27450980392156865,1,0.25,0.5669519762994588,-0.554082256471095,0.5,0.47731438208390364,-0.17034216426463342,0.1274696577263095,0.36400938347394035,0.40173907818397775,0.0,0.0,0.3504178272980501,0.5,0.7708333333333333,-1.0120193078775146,0,0.8591483044701209,0.557715813246062,-0.6204755188147992,False,False,False,True,True,False
0,0.6470588235294118,3,0.0,0.047209507584310015,-1.6719594484572717,0.0,0.4153154645634696,-1.1412847330324924,0.03470431335563449,-2.74718192826914,0.6096665617608945,0.0,0.0,0.4973073351903436,0.5,0.8749999999999999,0.33282516138151724,0,1.2873755286596502,2.0171972393476403,-0.6204755188147992,False,False,False,True,False,False
0,0.07843137254901966,2,0.5,0.3792360270120486,-0.3986273747974805,0.75,0.4853484305969912,0.8006004045032258,0.1803645102471242,0.36400938347394035,0.6020183878492067,0.5,0.0,0.7409470752089137,0.0,0.2708333333333333,0.4377421057917963,1,0.4438771745587247,-0.2190814265671061,2.013407393927571,True,False,True,False,True,False
0,0.3137254901960784,3,0.0,0.5655904267328968,-1.3298530493053777,0.0,0.40252239432152553,-1.0765552284479687,0.03277557357253753,-2.74718192826914,0.41752926581261784,0.0,0.0,0.44698235840297124,0.5,0.9791666666666666,-1.2790806209218613,0,1.3094953132588445,2.017475193638437,-0.6204755188147992,True,False,False,False,True,False
0,0.7058823529411765,1,0.625,0.5113405447566658,0.38802092500647056,0.5,0.45579836843537863,0.34749387241155816,0.2552440368343388,0.36400938347394035,0.4240687274271915,1.0,0.0,0.5431754874651811,0.5,0.8333333333333333,1.391532509521606,1,0.408743033786774,-0.163806445849614,-0.6204755188147992,False,False,True,False,True,False
0,0.13725490196078433,1,0.25,0.639675143852159,-0.4101009095463086,0.25,0.4549172405986775,-2.630063338476543,0.5152911604524508,0.36400938347394035,0.340309033410611,1.0,0.5,0.055710306406685235,0.75,0.4166666666666667,0.6285001865377583,1,-1.8538192351364167,-0.8633843512052102,-0.6204755188147992,True,False,False,False,False,False
1,0.4509803921568628,1,0.375,0.5038486011617644,-0.3332268721205711,0.5,0.7684745497652037,0.6323036925834635,0.14243820695433596,0.36400938347394035,0.7255457613537895,1.0,0.0,0.5571030640668524,0.5,0.375,0.8860235955448069,1,-0.06898881629816243,-0.5772298978820319,-0.6204755188147992,False,False,False,True,True,False
0,0.5294117647058824,3,0.25,0.4316796321763582,-0.8219019206022411,0.25,0.09582824769498795,0.6581954944172731,0.09500425133179477,0.36400938347394035,0.10503493797582346,1.0,1.0,0.11420612813370473,1.0,0.2708333333333333,-0.6972684746466774,1,-1.8538192351364167,-1.0567167461779075,-0.6204755188147992,False,False,False,True,True,False
0,0.9019607843137255,2,1.0,0.515568874566391,1.4653411358379942,0.75,0.45581315010458706,-0.014991353261775945,0.44880339601747227,0.36400938347394035,0.4207101608917474,1.0,0.5,0.16434540389972144,0.75,0.16666666666666666,1.095857484365365,1,-0.8696760184384118,-0.8616242609107865,-0.6204755188147992,True,False,False,False,True,False
1,0.13725490196078433,2,0.0,0.41909727211149644,-1.426531464302292,0.0,0.5038555216876919,-2.83719775314702,0.18630326030705538,-2.74718192826914,0.5433818013960475,0.5,0.0,0.6323119777158774,0.0,0.8541666666666666,-0.048691000110406696,1,0.33404930818297973,1.9955088141977526,2.013407393927571,False,False,False,False,False,False
1,0.43137254901960786,3,0.75,0.5950010702776565,1.1252395573978198,0.5,0.32151702614333083,0.8782758100046545,0.2647969931023089,0.36400938347394035,0.2579118700779449,0.0,0.0,0.41522748375116064,0.5,0.0625,0.4854316259782868,0,-0.29995361762454253,-0.7201923321859127,-0.6204755188147992,False,False,True,False,False,False
0,0.6666666666666666,2,0.0,0.4534370574108664,-1.4038688626083256,0.0,0.4428313144901528,-1.6332289678748746,0.053277718074352005,-2.74718192826914,0.47375394143820293,0.0,0.0,0.43045496750232126,0.5,0.4583333333333333,0.6571138986496525,0,1.0986104149575981,2.01452320621038,-0.6204755188147992,True,False,True,False,True,False
0,0.5882352941176471,2,0.125,0.3330528130708758,-1.2502427025298608,0.25,0.5464997878659312,0.34749387241155816,0.05575583241496535,0.36400938347394035,0.7668588622425296,0.5,1.0,0.07242339832869081,1.0,0.4375,1.6204422064167605,1,1.4203310242116927,1.3778722702839794,-0.6204755188147992,True,True,False,False,True,False
0,0.3137254901960784,3,0.375,0.6454155462961062,0.04048254541268763,0.5,0.6210933004106418,0.34749387241155816,0.15549993462465211,0.36400938347394035,0.46093296735137684,0.5,0.0,0.13370473537604455,0.0,0.3958333333333333,0.6857276107615469,1,0.2805524737271681,-0.2822296287986944,2.013407393927571,False,True,False,False,True,False
1,0.5294117647058824,1,0.625,0.23600648617582462,-0.7022222517641106,0.75,0.46690683050239634,0.1662512595748911,0.269208211143695,0.36400938347394035,0.9048078730125908,1.0,0.0,0.5153203342618384,0.25,0.375,1.0100163480296822,1,0.3596454998140551,-0.17251389767581995,0.9202472164297006,True,False,True,False,False,True
1,0.9215686274509803,2,0.125,0.271300724563312,-1.3317495013299774,0.25,0.24032668646584635,0.1662512595748911,0.06041055718475074,0.36400938347394035,0.41000293465491994,0.0,0.0,0.3847725162488394,0.5,0.375,-0.9834055957656203,0,1.0236762368599543,0.6951852643963969,-0.6204755188147992,True,True,False,False,False,False
0,0.9215686274509803,1,0.25,0.7362220078408834,-0.2189520915525498,0.0,0.5749343536310851,0.34749387241155816,0.10562788351980873,0.36400938347394035,0.3750068397294064,0.0,0.0,0.4477251624883937,0.5,0.4583333333333333,-1.0692467321013033,0,1.4800735416604147,1.5092082797548136,-0.6204755188147992,True,False,True,False,False,False
0,0.9803921568627451,2,0.0,0.09591740388760031,-1.6398145866403069,0.0,0.45846502874779615,-3.393871492573926,0.47800586510263926,-2.74718192826914,0.575612299380611,0.0,0.0,0.3465181058495822,0.5,0.6249999999999999,-0.9929434998029184,0,-0.5402660421392802,1.9402816677685706,-0.6204755188147992,True,False,True,False,False,True
0,0.21568627450980393,1,0.625,0.5921748530689601,0.7081013885012281,0.75,0.443003888091225,0.6581954944172731,0.23399677245831094,0.36400938347394035,0.35732393054413586,0.0,0.0,0.3948003714020427,0.5,0.9374999999999999,-0.6495789544601869,0,-0.1770480626315691,-0.640177795398081,-0.6204755188147992,True,False,True,False,False,False
1,0.4509803921568628,1,0.75,0.5347224462148824,0.8467726697571352,0.75,0.29652762822438766,-0.09266675876320468,0.3475073313782991,0.36400938347394035,0.26398220882039214,0.0,0.0,0.40909935004642517,0.5,0.375,-0.6686547625347831,0,-0.6119687607558291,-0.7655532250716861,-0.6204755188147992,True,True,False,False,False,False
0,0.27450980392156865,2,0.125,0.5521665058806625,-0.9610337687784082,0.25,0.5619007212558337,0.968897116422988,0.04253009510539362,0.36400938347394035,0.4853577713445357,0.0,0.0,0.44011142061281333,0.5,0.8958333333333333,1.3247671812605195,0,1.6233079746435979,1.5467002695518113,-0.6204755188147992,False,False,False,False,True,False
0,0.7647058823529412,2,0.25,0.5083163994882215,-0.670172212548376,0.25,0.4596555033784675,-0.6363945972732058,0.15340447029251583,0.36400938347394035,0.43012649988584073,1.0,1.0,0.7493036211699164,0.75,0.3958333333333333,1.4106083175962023,1,0.9286254175680474,0.8885213676108793,0.9202472164297006,True,False,False,True,True,False
0,0.5882352941176471,3,0.75,0.4096084543138054,0.26878827700271013,1.0,0.39816132972855645,0.6452495935003683,0.28128997450333715,0.36400938347394035,0.45882225420824274,0.5,0.0,0.2256267409470752,0.0,0.5208333333333333,-0.6686547625347831,1,0.09772267783207433,-0.4725875172021485,2.013407393927571,False,True,False,False,False,False
1,0.5098039215686275,2,0.75,0.4816777262024496,0.6017239760070755,0.75,0.28965353625743095,0.24392666507631983,0.3142429992524869,0.36400938347394035,0.28544099979232435,0.5,1.0,0.4428969359331476,1.0,0.10416666666666667,0.46635581790369063,1,0.5917565658655621,0.05717601717107127,-0.6204755188147992,False,False,False,True,False,True
0,0.6666666666666666,2,0.875,0.5134290523204499,1.1005179506485738,0.75,0.32766957391016976,0.42516927791298686,0.3475073313782991,0.36400938347394035,0.3035333943254283,0.5,0.0,0.31754874651810583,0.0,0.5624999999999999,0.599886474425864,1,-1.4906012556287052,-1.011358140764649,2.013407393927571,False,False,False,True,True,False
0,0.33333333333333337,3,0.0,0.5657546337157988,-1.3297446806182578,0.0,0.4452050609013624,0.2698184669101294,0.006855314773203343,-2.74718192826914,0.4353465535713092,0.0,0.0,0.44103992571959144,0.5,0.8333333333333333,-0.754495898870466,0,1.677072453487554,2.0176982091238456,-0.6204755188147992,True,False,False,False,False,True
1,0.6862745098039217,1,0.625,0.2922918505442777,-0.47934850061597717,0.5,0.2712672778006821,0.54168238616513,0.24160122650170693,0.36400938347394035,0.4312626774439618,0.5,1.0,0.2646239554317549,1.0,0.0625,0.15160498467285335,1,0.7270592985169512,0.14332409869324964,-0.6204755188147992,True,True,False,False,False,False
0,0.13725490196078433,3,0.5,0.5526796527022313,0.173694754054926,0.25,0.4325706906656041,0.21803486324251026,0.2135746257138447,0.36400938347394035,0.37316417076028413,1.0,0.5,0.12813370473537603,0.25,0.9999999999999999,0.5521969542393735,1,-0.11066171428046011,-0.5497708709499048,2.013407393927571,False,False,False,True,False,False
0,0.8823529411764707,1,0.875,0.2690531414848416,-0.18969254603015473,0.75,0.44212720953922574,0.8264922063370354,0.3129307968017645,0.36400938347394035,0.7586297583159829,0.5,1.0,0.7938718662952646,0.5,0.8958333333333333,0.6285001865377583,1,-1.3108392906787496,-0.9959140146451493,2.013407393927571,False,False,False,False,False,True
0,0.9411764705882354,3,0.5,0.6993493298302509,0.6576693107327662,0.75,0.48195813033108864,-0.002045452344871157,0.22883096447219184,0.36400938347394035,0.3304241420660692,1.0,0.5,0.6490250696378831,0.75,0.16666666666666666,1.181698620701048,1,-1.3108392906787496,-0.96808532791674,-0.6204755188147992,False,False,False,False,False,True
0,0.7254901960784313,2,0.75,0.3882351561285857,0.1700508569505162,0.75,0.35025034992672915,0.6840872962510827,0.27841987234776605,0.36400938347394035,0.42492970250943024,1.0,1.0,0.6044568245125349,0.75,0.9999999999999999,-1.1932394845861785,1,0.5208648982419061,-0.12197232804030098,0.9202472164297006,False,False,True,False,True,False
1,0.07843137254901966,2,0.75,0.4735758709567695,0.5642961406930118,1.0,0.3343250480592131,0.5546282870820347,0.2881898160490535,0.36400938347394035,0.3349634621821388,0.0,0.0,0.41002785515320345,0.5,0.2708333333333333,0.2660598331204305,0,-1.3108392906787496,-0.9879515806648053,-0.6204755188147992,True,True,False,False,False,False
0,0.2549019607843137,1,1.0,0.5598819534245137,1.7285415846806507,1.0,0.4926178205522885,0.968897116422988,0.34534437225579623,0.36400938347394035,0.41973436087960303,1.0,0.0,0.7298050139275767,0.25,0.6249999999999999,1.3533808933724136,1,-0.27398641511201677,-0.7161688225858682,0.9202472164297006,False,False,False,True,False,True
1,0.7254901960784313,2,0.75,0.42864473526022406,0.3567294666005758,1.0,0.5217344585216921,0.8006004045032258,0.27010562226386237,0.36400938347394035,0.5755203908178006,1.0,0.0,0.233983286908078,0.0,0.5833333333333333,-0.19175956066987818,1,0.7186479150223678,0.06972630124078953,2.013407393927571,True,False,False,False,False,True
1,0.37254901960784315,1,0.0,0.972310597508159,-1.0614373573950717,0.0,0.4658783152567088,-1.3872568504536835,0.04301075268817205,-2.74718192826914,0.3924242836277221,1.0,0.5,0.18384401114206128,0.5,0.9999999999999999,0.2755977371577286,1,1.1979558973030733,2.0160007669768722,0.9202472164297006,False,False,False,True,False,False
0,0.8431372549019608,3,0.25,0.5281717605041154,-0.6308614712956023,0.25,0.21099728112282184,-1.6850125715424937,0.2552440368343388,0.36400938347394035,0.18996222542222818,0.0,0.0,0.2839368616527391,0.5,0.4375,-0.6972684746466774,0,-1.396218698777679,-0.871385749044669,-0.6204755188147992,True,True,False,False,False,True
0,0.1568627450980392,2,0.0,0.6195118947433239,-1.2942674816723536,0.0,0.43593767345393375,-0.22212576793225255,0.014011078527207566,-2.74718192826914,0.4033713196287175,0.5,0.0,0.25626740947075205,0.5,0.16666666666666666,0.9718647318804898,1,1.5595226214852427,2.0176982091238456,-0.6204755188147992,True,False,True,False,False,True
0,0.6274509803921569,1,0.0,0.1474578706459492,-1.6058003649705224,0.0,0.4251997247776325,0.3992774760791773,0.005256459912576776,-2.74718192826914,0.5637577050099453,0.0,0.0,0.4206128133704735,0.5,0.20833333333333331,-1.6605967824137853,0,1.705603710986777,2.0176982091238456,-0.6204755188147992,False,False,False,True,False,True
0,0.33333333333333337,3,1.0,0.39070770928978193,0.7237200255323955,0.75,0.2889145847687071,0.8394381072539401,0.35640495867768596,0.36400938347394035,0.34845579478825683,1.0,0.0,0.5041782729805014,0.0,0.49999999999999994,-0.16314584855798386,1,-0.9208788548148363,-0.9217240523235025,2.013407393927571,False,False,True,False,False,False
1,0.09803921568627455,2,0.5,0.3986124509944785,-0.3346898493966909,0.75,0.5144417114536364,0.010900448572033632,0.22788367546432067,0.36400938347394035,0.6084041759279903,0.5,1.0,0.6740947075208914,1.0,0.6874999999999999,-0.23944908085636865,1,-1.8538192351364167,-1.0452963374792459,-0.6204755188147992,False,False,False,False,False,True
0,0.7058823529411765,2,0.0,0.4463351054003571,-1.4085558083262648,0.0,0.47624426744384735,-1.6332289678748746,0.053277718074352005,-2.74718192826914,0.53180973121145,0.0,0.0,0.37994428969359334,0.5,0.7708333333333333,1.5059873579691834,0,1.0986104149575981,2.01452320621038,-0.6204755188147992,False,False,True,False,False,False
0,0.019607843137254943,1,0.125,0.41074324185635985,-1.1476988323425776,0.25,0.5244378447178616,-1.8015256797946368,0.167630974082587,0.36400938347394035,0.6026690720703152,0.0,0.0,0.43045496750232126,0.5,0.08333333333333333,0.9146373076567013,0,0.33404930818297973,0.5862273512314511,-0.6204755188147992,True,False,False,True,False,False
0,0.5686274509803921,2,0.0,0.4974445288285884,-1.3748260544601705,0.0,0.4821309770848542,-2.3581994192215427,0.10515291160452453,-2.74718192826914,0.5339997372825187,0.0,0.0,0.4826369545032497,0.5,0.9583333333333333,-0.039153096073108594,0,0.7186479150223678,2.0070796845173526,-0.6204755188147992,True,True,False,False,False,True
0,0.09803921568627455,1,1.0,0.5257040944555056,1.5255399415331439,0.75,0.3924297321234919,0.7617627017525114,0.36334819385350803,0.36400938347394035,0.3553620586267589,0.0,0.0,0.402414113277623,0.5,0.4583333333333333,1.7062833427524433,0,-0.5402660421392802,-0.8069506800000333,-0.6204755188147992,True,False,False,True,False,True
0,0.3137254901960784,2,0.625,0.5514583632668979,0.5468758742384745,0.5,0.4215693710163195,-0.24801756976606215,0.30660480588261035,0.36400938347394035,0.3644415468782304,0.0,0.0,0.338347260909935,0.5,0.4375,-0.3634418333412439,0,-0.7752934615873857,-0.8129528558769228,-0.6204755188147992,True,False,False,True,False,False
